date,pm10,pm2_5,carbon_monoxide,nitrogen_dioxide,sulphur_dioxide,ozone,aerosol_optical_depth,dust,uv_index,us_aqi,european_aqi
2022-08-01,,,,,,,,,,,
2022-08-02,,,,,,,,,,,
2022-08-03,,,,,,,,,,,
2022-08-04,17.227777777777778,11.655555555555557,242.22222222222223,19.538888888888888,3.5999999999999996,28.944444444444443,0.165,0.0,2.761111111111111,,
2022-08-05,19.320833333333333,13.012500000000001,267.9166666666667,20.395833333333332,4.679166666666666,32.5,0.15833333333333335,0.0,2.3208333333333333,51.55555555555556,26.61111111111111
2022-08-06,19.716666666666665,13.525,279.4166666666667,26.825,4.4624999999999995,26.916666666666668,0.16333333333333333,0.0,1.1500000000000001,52.583333333333336,26.333333333333332
2022-08-07,16.941666666666666,11.545833333333334,258.6666666666667,21.604166666666668,4.325,44.541666666666664,0.14083333333333334,0.0,2.339583333333333,51.291666666666664,28.208333333333332
2022-08-08,13.512500000000001,9.0375,210.33333333333334,17.587500000000002,3.1916666666666664,44.458333333333336,0.12583333333333332,0.0,2.377083333333333,43.75,23.125
2022-08-09,10.7875,7.216666666666666,177.70833333333334,14.270833333333334,2.7125,46.916666666666664,0.11833333333333333,0.0,1.5645833333333332,32.75,19.083333333333332
2022-08-10,9.383333333333333,6.325,175.125,13.583333333333334,2.75,48.5,0.10583333333333333,0.0,1.8125,27.958333333333332,19.5
2022-08-11,12.154166666666667,8.2125,199.91666666666666,17.566666666666666,3.1750000000000003,41.875,0.13,0.0,1.3458333333333332,27.625,18.958333333333332
2022-08-12,17.341666666666665,11.933333333333332,267.375,25.28333333333333,4.295833333333333,39.833333333333336,0.18833333333333335,0.0,2.0708333333333333,45.208333333333336,23.75
2022-08-13,14.329166666666666,9.862499999999999,232.375,21.025000000000002,3.8541666666666665,42.25,0.17208333333333334,0.0,1.7583333333333335,46.708333333333336,24.0
2022-08-14,12.200000000000001,8.016666666666667,181.58333333333334,16.104166666666668,2.5458333333333334,40.583333333333336,0.16416666666666666,0.4166666666666667,0.8187500000000001,31.833333333333332,18.291666666666668
2022-08-15,20.558333333333334,13.35,246.45833333333334,19.1875,3.625,33.5,0.30333333333333334,0.75,1.3041666666666667,44.458333333333336,21.375
2022-08-16,34.608333333333334,22.400000000000002,334.0,33.09166666666667,6.695833333333333,39.833333333333336,0.41208333333333336,1.5,2.125,61.375,36.208333333333336
2022-08-17,65.39999999999999,45.166666666666664,589.875,46.333333333333336,20.6375,75.79166666666667,0.77875,0.5,1.6624999999999999,93.04166666666667,63.958333333333336
2022-08-18,69.92083333333333,48.699999999999996,572.75,52.17083333333333,13.325000000000001,71.66666666666667,0.775,0.125,1.6312499999999999,145.0,83.04166666666667
2022-08-19,18.974999999999998,13.183333333333332,272.5416666666667,21.787499999999998,3.375,57.416666666666664,0.22833333333333336,0.0,1.84375,89.0,57.916666666666664
2022-08-20,13.241666666666667,8.670833333333333,199.16666666666666,16.041666666666668,2.5208333333333335,47.833333333333336,0.21875,0.0,1.4916666666666665,35.541666666666664,21.458333333333332
2022-08-21,22.508333333333336,14.720833333333333,253.20833333333334,21.520833333333332,4.045833333333333,42.333333333333336,0.31666666666666665,0.5416666666666666,2.183333333333333,48.208333333333336,25.166666666666668
2022-08-22,30.02916666666667,20.204166666666666,351.7083333333333,35.395833333333336,7.1375,47.625,0.36791666666666667,0.0,1.7520833333333332,60.208333333333336,35.625
2022-08-23,25.891666666666666,18.037499999999998,390.2916666666667,35.42916666666667,5.479166666666667,37.958333333333336,0.27625,0.0,1.3395833333333333,69.29166666666667,44.583333333333336
2022-08-24,15.883333333333333,10.941666666666668,266.0,22.745833333333334,3.433333333333333,42.208333333333336,0.17458333333333334,0.0,2.2958333333333334,52.916666666666664,28.541666666666668
2022-08-25,32.833333333333336,22.004166666666666,364.1666666666667,32.4,6.291666666666667,48.083333333333336,0.39166666666666666,1.9166666666666667,1.7375,56.458333333333336,32.666666666666664
2022-08-26,35.8125,23.78333333333333,385.375,36.65416666666667,8.520833333333334,42.208333333333336,0.35791666666666666,2.2916666666666665,1.9479166666666667,72.79166666666667,50.791666666666664
2022-08-27,32.86666666666667,21.629166666666666,317.9166666666667,30.71666666666667,8.991666666666667,44.416666666666664,0.74625,0.7083333333333334,1.2375,77.0,58.208333333333336
2022-08-28,28.491666666666664,18.320833333333333,321.0833333333333,22.191666666666666,4.870833333333334,39.083333333333336,0.5179166666666667,0.75,1.6395833333333334,63.75,37.25
2022-08-29,27.116666666666664,18.150000000000002,341.125,26.170833333333334,5.633333333333333,29.083333333333332,0.25166666666666665,0.25,2.08125,63.458333333333336,36.666666666666664
2022-08-30,29.3875,20.1125,440.4166666666667,28.604166666666668,8.183333333333334,23.25,0.22958333333333333,0.0,2.0104166666666665,64.625,37.791666666666664
2022-08-31,25.641666666666666,17.75,381.5416666666667,26.020833333333332,8.316666666666666,20.541666666666668,0.29291666666666666,0.0,2.0,67.875,41.333333333333336
2022-09-01,23.995833333333334,16.375,341.7083333333333,24.7,7.316666666666666,23.125,0.31916666666666665,0.0,2.097916666666667,56.958333333333336,30.791666666666668
2022-09-02,38.12083333333333,26.15416666666667,530.2916666666666,33.46666666666667,10.958333333333334,29.375,0.57875,0.0,1.539583333333333,69.83333333333333,46.208333333333336
2022-09-03,33.354166666666664,22.9375,420.4583333333333,37.62083333333333,8.65,32.208333333333336,0.7637499999999999,0.0,1.3979166666666665,81.08333333333333,61.208333333333336
2022-09-04,32.22083333333333,22.083333333333332,350.9166666666667,36.6875,7.4125000000000005,35.875,0.8479166666666668,0.0,0.6375000000000001,70.58333333333333,46.875
2022-09-05,23.1125,15.958333333333334,317.25,33.85,4.7250000000000005,46.833333333333336,0.72375,0.0,0.8479166666666668,63.625,37.541666666666664
2022-09-06,27.849999999999998,18.7375,378.125,28.150000000000002,5.2749999999999995,34.916666666666664,0.5187499999999999,0.0,1.5583333333333333,58.25,31.958333333333332
2022-09-07,34.75416666666667,24.016666666666666,465.5833333333333,40.354166666666664,7.891666666666667,43.458333333333336,0.25083333333333335,0.0,2.0500000000000003,73.79166666666667,52.791666666666664
2022-09-08,49.416666666666664,34.425000000000004,624.3333333333334,49.2125,15.491666666666667,65.04166666666667,0.3275,0.0,1.58125,81.41666666666667,59.625
2022-09-09,45.44166666666666,31.733333333333334,534.75,49.291666666666664,9.829166666666667,74.70833333333333,0.42333333333333334,0.0,1.6604166666666667,107.25,70.20833333333333
2022-09-10,26.679166666666664,18.541666666666668,422.0833333333333,32.0625,4.983333333333333,42.333333333333336,0.2866666666666667,0.0,1.6166666666666665,77.79166666666667,55.333333333333336
2022-09-11,15.4375,10.554166666666667,236.29166666666666,21.458333333333332,3.0208333333333335,28.125,0.12541666666666665,0.0,1.1083333333333334,53.25,27.458333333333332
2022-09-12,13.637500000000001,9.387500000000001,231.79166666666666,21.604166666666668,2.3958333333333335,26.541666666666668,0.12666666666666668,0.0,0.5479166666666667,41.291666666666664,19.708333333333332
2022-09-13,15.129166666666668,10.466666666666667,261.2916666666667,24.724999999999998,2.8041666666666667,25.541666666666668,0.16583333333333333,0.0,0.35000000000000003,38.75,18.666666666666668
2022-09-14,15.758333333333333,10.816666666666668,254.66666666666666,23.708333333333332,3.0416666666666665,30.5,0.24791666666666667,0.0,0.93125,45.333333333333336,21.75
2022-09-15,27.758333333333336,18.454166666666666,314.3333333333333,30.254166666666666,5.158333333333333,34.833333333333336,0.35833333333333334,0.625,1.2333333333333334,54.416666666666664,28.875
2022-09-16,48.300000000000004,32.795833333333334,462.8333333333333,41.65833333333333,11.316666666666668,53.333333333333336,0.6495833333333333,0.375,1.23125,79.0,56.541666666666664
2022-09-17,43.81666666666666,29.375,423.4166666666667,41.233333333333334,7.8374999999999995,48.958333333333336,0.48666666666666664,0.5416666666666666,1.8375000000000001,89.95833333333333,64.58333333333333
2022-09-18,40.28333333333333,27.579166666666666,448.625,43.25833333333333,7.766666666666667,46.375,0.47541666666666665,0.0,1.6083333333333334,87.08333333333333,63.458333333333336
2022-09-19,23.608333333333334,16.3,348.5,29.5625,4.445833333333334,42.166666666666664,0.17916666666666667,0.0,2.0145833333333334,74.04166666666667,51.875
2022-09-20,16.3,10.737499999999999,244.125,18.820833333333333,3.141666666666667,50.041666666666664,0.21166666666666667,0.0,1.5708333333333335,49.791666666666664,26.541666666666668
2022-09-21,20.099999999999998,12.958333333333334,250.54166666666666,20.4375,3.0708333333333333,47.125,0.27458333333333335,0.0,1.1020833333333333,47.583333333333336,24.5
2022-09-22,31.316666666666666,20.354166666666668,334.9166666666667,27.75,4.933333333333334,41.291666666666664,0.33083333333333337,0.25,1.6416666666666666,59.291666666666664,33.125
2022-09-23,37.612500000000004,24.275000000000002,391.5,32.579166666666666,5.954166666666667,41.5,0.33666666666666667,1.2916666666666667,1.65625,71.58333333333333,48.583333333333336
2022-09-24,41.362500000000004,27.6875,528.75,39.145833333333336,7.629166666666666,40.916666666666664,0.3425,1.0,1.5875000000000001,78.83333333333333,60.291666666666664
2022-09-25,53.479166666666664,36.237500000000004,671.4166666666666,46.09166666666667,12.012500000000001,44.0,0.4075,0.625,1.5,86.45833333333333,63.208333333333336
2022-09-26,79.53750000000001,54.88333333333333,1161.9583333333333,57.36666666666667,19.058333333333334,49.041666666666664,0.42041666666666666,0.0,1.46875,139.0,80.875
2022-09-27,74.20416666666667,51.40416666666667,1170.6666666666667,55.82083333333333,15.954166666666666,61.208333333333336,0.5,0.0,1.3041666666666667,135.33333333333334,79.66666666666667
2022-09-28,96.72916666666667,67.44166666666666,1488.3333333333333,62.012499999999996,22.84166666666667,85.58333333333333,0.7233333333333333,0.0,1.2833333333333334,156.95833333333334,92.125
2022-09-29,66.575,46.51666666666667,810.125,62.30416666666667,11.85,79.79166666666667,0.62,0.0,1.34375,136.95833333333334,80.66666666666667
2022-09-30,65.91250000000001,46.104166666666664,862.0416666666666,59.34166666666667,10.216666666666667,65.54166666666667,0.4066666666666667,0.0,1.7833333333333332,130.25,78.125
2022-10-01,91.90416666666665,64.27499999999999,1224.0833333333333,64.70416666666667,18.599999999999998,77.66666666666667,0.605,0.0,1.2166666666666666,142.04166666666666,82.16666666666667
2022-10-02,89.35000000000001,62.50833333333333,1150.0833333333333,52.012499999999996,13.070833333333333,73.20833333333333,0.8504166666666667,0.0,1.0833333333333333,158.875,97.875
2022-10-03,21.383333333333336,14.825000000000001,359.9583333333333,25.900000000000002,3.5500000000000003,42.5,0.2575,0.0,0.7875000000000001,97.25,62.875
2022-10-04,29.941666666666666,20.458333333333332,314.4583333333333,26.266666666666666,7.741666666666667,38.958333333333336,0.2625,0.25,1.4604166666666665,60.0,33.291666666666664
2022-10-05,32.80416666666667,22.770833333333332,298.625,26.03333333333333,11.5,36.958333333333336,0.16625,0.0,1.6187500000000001,73.66666666666667,52.625
2022-10-06,30.870833333333334,21.3125,294.25,24.84166666666667,9.091666666666667,45.083333333333336,0.22875,0.0,1.675,68.58333333333333,42.916666666666664
2022-10-07,53.737500000000004,37.25,725.0833333333334,36.65416666666667,18.758333333333333,36.666666666666664,0.1825,0.0,1.8499999999999999,77.83333333333333,56.333333333333336
2022-10-08,86.44583333333333,59.99166666666667,1300.6666666666667,49.0,24.65416666666667,46.625,0.3308333333333333,0.0,1.5999999999999999,144.95833333333334,85.41666666666667
2022-10-09,56.25833333333333,39.1625,622.5,43.50416666666666,10.525,58.208333333333336,0.45416666666666666,0.0,1.5895833333333333,129.20833333333334,77.91666666666667
2022-10-10,38.47083333333333,26.72083333333333,428.375,40.05833333333333,8.179166666666667,34.875,0.40208333333333335,0.0,1.2229166666666667,95.33333333333333,66.58333333333333
2022-10-11,27.883333333333336,19.2625,367.3333333333333,28.8,7.583333333333333,23.458333333333332,0.27875,0.0,1.29375,68.125,42.916666666666664
2022-10-12,29.579166666666666,20.320833333333333,388.4583333333333,28.7,6.395833333333333,26.958333333333332,0.26833333333333337,0.0,1.5604166666666668,67.08333333333333,40.5
2022-10-13,43.80416666666667,30.1375,543.9583333333334,35.63333333333333,10.6875,34.0,0.29791666666666666,0.0,1.64375,76.20833333333333,55.0
2022-10-14,62.79583333333333,43.6625,873.7083333333334,49.583333333333336,15.716666666666667,41.5,0.40125000000000005,0.0,1.3395833333333333,101.375,68.79166666666667
2022-10-15,81.89166666666667,57.23333333333333,903.6666666666666,63.6,18.7,62.791666666666664,0.5379166666666667,0.0,1.4458333333333335,145.04166666666666,84.20833333333333
2022-10-16,62.75,43.8125,616.5,53.23333333333333,8.120833333333334,60.5,0.3,0.25,1.6979166666666667,132.375,78.79166666666667
2022-10-17,68.35000000000001,47.75416666666666,776.75,50.69583333333333,10.7875,71.41666666666667,0.3516666666666666,0.375,1.5520833333333333,118.70833333333333,74.33333333333333
2022-10-18,80.075,56.041666666666664,794.8333333333334,67.20416666666667,14.470833333333333,73.20833333333333,0.6833333333333332,0.0,1.1854166666666666,136.54166666666666,80.08333333333333
2022-10-19,68.95,48.26666666666667,620.0416666666666,59.14166666666667,14.320833333333333,87.04166666666667,0.8816666666666667,0.0,1.09375,144.91666666666666,82.95833333333333
2022-10-20,76.02499999999999,53.041666666666664,675.4583333333334,57.666666666666664,11.4375,66.58333333333333,0.5879166666666666,0.8333333333333334,1.4000000000000001,148.04166666666666,84.70833333333333
2022-10-21,53.62916666666666,37.416666666666664,569.75,46.79583333333333,9.608333333333333,65.08333333333333,0.29,0.375,1.5437500000000002,116.20833333333333,73.54166666666667
2022-10-22,48.4125,33.82083333333333,554.25,49.449999999999996,10.991666666666667,59.416666666666664,0.19166666666666668,0.041666666666666664,1.6770833333333333,100.20833333333333,68.45833333333333
2022-10-23,62.074999999999996,43.44166666666666,825.9166666666666,62.28333333333333,14.129166666666668,16.375,0.17625000000000002,0.0,0.4041666666666666,101.91666666666667,69.0
2022-10-24,29.066666666666666,20.325,419.375,40.583333333333336,13.408333333333333,24.083333333333332,0.11416666666666668,0.0,0.09166666666666667,108.54166666666667,70.625
2022-10-25,29.829166666666666,20.85833333333333,523.3333333333334,28.52916666666667,5.25,48.208333333333336,0.16083333333333333,0.0,1.5145833333333334,50.208333333333336,31.666666666666668
2022-10-26,84.02083333333333,58.75,978.0833333333334,58.387499999999996,19.3125,56.375,0.48583333333333334,0.25,1.1395833333333334,104.54166666666667,68.375
2022-10-27,129.59583333333333,90.4875,1275.0416666666667,79.98333333333333,29.291666666666668,60.791666666666664,0.5808333333333333,1.2083333333333333,1.1125,165.54166666666666,107.91666666666667
2022-10-28,98.1375,68.30833333333334,955.6666666666666,66.40833333333333,12.241666666666667,55.458333333333336,0.4495833333333333,2.25,1.2770833333333333,161.5,102.04166666666667
2022-10-29,90.05,62.80416666666667,1104.75,67.65833333333333,14.0625,47.166666666666664,0.345,0.9583333333333334,1.3708333333333333,152.54166666666666,88.375
2022-10-30,93.68333333333334,65.37083333333334,1131.0,80.46666666666667,15.0625,58.583333333333336,0.42208333333333337,0.25,1.3104166666666666,154.625,91.66666666666667
2022-10-31,93.05833333333334,64.87083333333334,1008.75,82.4875,13.158333333333333,39.375,0.4354166666666666,0.5833333333333334,1.3458333333333332,155.875,93.45833333333333
2022-11-01,74.74166666666666,52.11666666666667,663.1666666666666,54.76666666666667,12.4625,65.83333333333333,0.31083333333333335,0.5,1.46875,152.45833333333334,88.45833333333333
2022-11-02,64.3125,44.9375,560.75,33.86666666666667,18.933333333333334,71.58333333333333,0.315,0.0,1.4375,126.75,76.91666666666667
2022-11-03,90.89999999999999,63.625,613.4583333333334,38.329166666666666,20.529166666666665,80.83333333333333,0.47875,0.0,1.0416666666666667,142.75,82.95833333333333
2022-11-04,100.2625,70.11666666666666,659.375,48.9375,23.075,68.83333333333333,0.37333333333333335,0.08333333333333333,1.335416666666667,157.79166666666666,96.33333333333333
2022-11-05,112.57916666666667,78.625,1061.75,62.50416666666666,26.641666666666666,62.416666666666664,0.4579166666666667,0.5,1.1916666666666667,158.08333333333334,96.625
2022-11-06,146.13750000000002,102.0625,2063.1666666666665,77.13333333333334,29.170833333333334,55.208333333333336,0.5041666666666667,0.4583333333333333,1.0458333333333334,170.25,115.16666666666667
2022-11-07,163.625,114.16666666666667,2282.1666666666665,82.775,27.825,60.666666666666664,0.605,0.375,0.9604166666666667,179.79166666666666,129.79166666666666
2022-11-08,144.5625,100.95416666666667,1957.875,87.02916666666665,29.204166666666666,59.416666666666664,0.68125,0.375,0.9083333333333333,174.79166666666666,122.125
2022-11-09,115.77916666666665,80.78750000000001,1528.7916666666667,86.24166666666667,25.183333333333334,52.041666666666664,0.5129166666666667,0.125,1.1083333333333334,169.79166666666666,114.625
2022-11-10,104.85000000000001,73.22916666666667,1187.9583333333333,75.3875,28.954166666666666,53.666666666666664,0.36125,0.3333333333333333,1.2208333333333334,160.08333333333334,99.75
2022-11-11,110.52499999999999,77.05833333333334,717.9583333333334,66.7,32.8375,58.916666666666664,0.3625,0.9583333333333334,1.2020833333333334,161.08333333333334,101.20833333333333
2022-11-12,101.20416666666667,70.66666666666667,679.5,54.50416666666666,24.59166666666667,58.666666666666664,0.6433333333333333,0.9166666666666666,0.9958333333333332,156.0,93.58333333333333
2022-11-13,165.375,114.57916666666667,989.375,64.24166666666666,24.65833333333333,57.75,0.8145833333333333,6.5,0.9104166666666668,174.91666666666666,122.54166666666667
2022-11-14,123.08749999999999,85.22500000000001,996.9166666666666,60.775,11.729166666666666,57.708333333333336,0.5420833333333334,5.333333333333333,1.0333333333333334,170.91666666666666,116.16666666666667
2022-11-15,92.70416666666667,64.6125,1056.0,61.50833333333333,10.795833333333334,55.0,0.3725,1.5416666666666667,1.1729166666666666,160.45833333333334,100.29166666666667
2022-11-16,81.89166666666667,57.10833333333333,1026.625,65.1375,11.233333333333334,50.625,0.35083333333333333,0.9166666666666666,1.1770833333333333,151.375,86.54166666666667
2022-11-17,100.325,69.66250000000001,1050.625,67.25,10.704166666666666,44.208333333333336,0.4675,2.5833333333333335,1.0999999999999999,153.75,90.04166666666667
2022-11-18,90.47916666666667,62.89166666666667,807.125,65.5125,8.658333333333333,47.5,0.49625,2.2916666666666665,1.05,158.75,97.625
2022-11-19,59.44166666666666,41.36666666666667,750.375,54.400000000000006,11.691666666666668,47.5,0.19499999999999998,0.9583333333333334,1.2541666666666667,129.20833333333334,78.33333333333333
2022-11-20,63.82083333333333,44.37916666666666,617.0416666666666,55.52916666666667,13.679166666666667,50.625,0.19375,1.25,1.2354166666666666,115.66666666666667,73.375
2022-11-21,75.575,52.824999999999996,580.2083333333334,38.94166666666667,15.979166666666666,68.5,0.22999999999999998,0.375,1.2354166666666666,132.16666666666666,78.75
2022-11-22,100.9375,70.575,866.1666666666666,48.88333333333333,14.875,65.83333333333333,0.435,1.125,1.0958333333333334,153.25,89.875
2022-11-23,113.2375,79.16250000000001,879.9166666666666,61.62083333333334,10.762500000000001,62.083333333333336,0.5541666666666667,1.0416666666666667,1.075,162.08333333333334,102.70833333333333
2022-11-24,100.93333333333334,70.41250000000001,710.0833333333334,45.775,14.408333333333333,73.83333333333333,0.43250000000000005,1.1666666666666667,1.1166666666666667,160.95833333333334,101.125
2022-11-25,58.475,40.67916666666667,520.875,39.375,18.35833333333333,59.208333333333336,0.25875,0.875,1.1958333333333333,134.29166666666666,81.0
2022-11-26,93.21249999999999,65.00833333333334,660.125,53.22083333333333,25.195833333333336,66.04166666666667,0.29833333333333334,0.875,1.1333333333333333,131.41666666666666,78.79166666666667
2022-11-27,113.77499999999999,79.25833333333334,1092.1666666666667,72.20416666666667,26.995833333333334,57.875,0.3129166666666667,1.4166666666666667,1.10625,162.79166666666666,103.83333333333333
2022-11-28,103.77916666666665,72.23333333333333,1250.0,80.02499999999999,17.816666666666666,51.625,0.39666666666666667,1.8333333333333333,1.0166666666666666,159.16666666666666,98.29166666666667
2022-11-29,114.51666666666667,79.87916666666666,1177.2083333333333,83.20416666666667,19.8625,56.125,0.5816666666666667,1.5833333333333333,0.9500000000000001,158.75,97.75
2022-11-30,109.425,76.27083333333333,1075.1666666666667,78.42083333333333,15.570833333333333,56.666666666666664,0.5908333333333333,1.9166666666666667,0.8708333333333332,163.95833333333334,105.70833333333333
2022-12-01,56.62083333333334,39.55833333333333,581.1666666666666,42.416666666666664,9.170833333333333,59.041666666666664,0.29041666666666666,0.08333333333333333,1.0479166666666666,143.5,86.58333333333333
2022-12-02,64.425,44.875,531.7916666666666,32.074999999999996,15.941666666666668,71.66666666666667,0.36333333333333334,0.7916666666666666,1.04375,115.79166666666667,73.45833333333333
2022-12-03,69.80416666666666,48.61666666666667,764.9583333333334,45.89166666666667,13.241666666666667,55.541666666666664,0.40875,1.0833333333333333,1.0062499999999999,125.5,76.41666666666667
2022-12-04,65.33333333333333,45.54583333333333,789.3333333333334,62.72083333333333,7.995833333333334,43.875,0.37916666666666665,0.5,1.0291666666666666,133.0,79.04166666666667
2022-12-05,70.07083333333334,48.71666666666667,827.0,61.80833333333334,9.870833333333334,44.208333333333336,0.29041666666666666,1.25,1.10625,127.125,77.125
2022-12-06,69.09583333333333,48.22083333333333,752.0416666666666,55.57083333333333,7.9125000000000005,46.625,0.31666666666666665,0.5416666666666666,1.0854166666666667,133.5,79.20833333333333
2022-12-07,89.94583333333333,62.729166666666664,931.4166666666666,54.57916666666666,12.095833333333333,54.458333333333336,0.40375,0.75,1.0062499999999999,143.66666666666666,83.04166666666667
2022-12-08,92.43333333333334,64.3875,988.5833333333334,69.67916666666666,13.975,42.708333333333336,0.4070833333333333,1.25,0.9500000000000001,154.95833333333334,91.875
2022-12-09,106.67083333333333,74.3625,1439.5,80.90833333333333,18.166666666666668,44.458333333333336,0.34125,1.0833333333333333,0.9895833333333334,156.41666666666666,94.33333333333333
2022-12-10,107.84166666666665,75.125,1471.2916666666667,77.28750000000001,15.079166666666666,44.625,0.3979166666666667,1.125,0.8208333333333333,161.25,101.25
2022-12-11,75.89166666666667,52.9625,842.4583333333334,64.05,7.954166666666667,43.791666666666664,0.36624999999999996,0.5833333333333334,1.0625,153.66666666666666,90.29166666666667
2022-12-12,143.13333333333333,100.03333333333335,1317.3333333333333,74.47500000000001,19.175,64.79166666666667,0.7979166666666666,0.5416666666666666,0.84375,158.16666666666666,97.5
2022-12-13,127.18333333333334,88.81666666666666,1055.2916666666667,59.82083333333333,17.445833333333333,59.25,0.6591666666666667,1.0,1.3416666666666668,180.08333333333334,130.20833333333334
2022-12-14,1.0166666666666668,0.7125,58.916666666666664,0.0,0.6833333333333332,28.333333333333332,0.03166666666666667,0.0,2.220833333333333,85.16666666666667,54.083333333333336
2022-12-15,0.9458333333333333,0.65,62.458333333333336,0.0,0.26666666666666666,33.541666666666664,0.03291666666666667,0.0,2.2375000000000003,15.166666666666666,13.541666666666666
2022-12-16,85.55833333333334,59.6625,736.3333333333334,41.975,11.870833333333332,60.708333333333336,0.5129166666666667,1.0833333333333333,1.33125,66.33333333333333,46.0
2022-12-17,144.42916666666667,100.85000000000001,1284.875,64.55416666666666,18.45,56.375,0.7604166666666666,1.3333333333333333,0.8208333333333333,164.5,106.29166666666667
2022-12-18,161.91666666666666,112.91666666666667,2041.9166666666667,93.55,30.416666666666668,45.291666666666664,0.6008333333333333,1.5,0.8937499999999999,183.75,135.58333333333334
2022-12-19,120.70833333333333,84.02083333333333,1270.9583333333333,75.51666666666667,18.704166666666666,52.583333333333336,0.6783333333333333,1.8333333333333333,0.8229166666666666,169.16666666666666,113.41666666666667
2022-12-20,141.84583333333333,98.62083333333334,1421.3333333333333,70.575,16.8875,51.375,0.78375,2.5833333333333335,0.74375,166.75,109.79166666666667
2022-12-21,156.33333333333334,109.02499999999999,2085.0833333333335,75.95,19.141666666666666,40.708333333333336,0.65625,1.75,0.8416666666666667,180.16666666666666,130.20833333333334
2022-12-22,139.89583333333334,97.70416666666667,1364.5,66.1125,12.270833333333334,42.208333333333336,0.7383333333333333,1.0,0.775,170.41666666666666,115.45833333333333
2022-12-23,154.82500000000002,108.14583333333333,1339.125,70.32916666666667,14.766666666666666,55.541666666666664,0.7925,0.9583333333333334,0.7458333333333332,178.91666666666666,128.33333333333334
2022-12-24,110.10000000000001,76.95,1249.6666666666667,67.2,11.966666666666667,44.0,0.48500000000000004,0.5,0.9791666666666666,166.70833333333334,109.875
2022-12-25,152.90833333333333,106.64583333333333,1555.5416666666667,77.53750000000001,21.3125,54.666666666666664,1.14,0.75,0.6229166666666667,170.0,114.91666666666667
2022-12-26,146.01666666666668,101.11666666666667,1309.9583333333333,68.40416666666667,21.770833333333332,59.666666666666664,1.1120833333333333,0.0,0.7104166666666667,174.29166666666666,121.45833333333333
2022-12-27,160.4375,110.83749999999999,1365.4583333333333,72.04583333333333,21.9375,45.625,2.42125,0.0,0.19583333333333333,175.625,123.41666666666667
2022-12-28,166.1625,114.92916666666667,1079.3333333333333,70.21249999999999,20.191666666666666,42.583333333333336,1.8141666666666667,0.5416666666666666,0.44166666666666665,176.54166666666666,124.79166666666667
2022-12-29,191.975,133.42916666666667,1177.0,65.58333333333333,16.416666666666668,57.791666666666664,1.0541666666666667,3.5833333333333335,0.7520833333333333,192.91666666666666,149.66666666666666
2022-12-30,232.54166666666666,161.60416666666666,1667.4166666666667,81.30833333333334,19.241666666666667,45.875,1.4208333333333334,4.166666666666667,0.5291666666666667,193.20833333333334,149.83333333333334
2022-12-31,265.66249999999997,184.63333333333333,1914.5,87.41666666666667,35.99583333333333,50.25,1.4204166666666669,4.416666666666667,0.5666666666666667,233.83333333333334,187.45833333333334
2023-01-01,197.0625,137.14166666666668,1387.7083333333333,84.22500000000001,36.975,42.291666666666664,1.2804166666666668,2.875,0.5916666666666667,208.70833333333334,166.875
2023-01-02,160.36666666666667,111.18333333333334,1600.5833333333333,81.0125,22.166666666666668,39.875,0.91375,3.2916666666666665,0.7520833333333333,184.125,136.25
2023-01-03,121.49166666666667,84.12083333333334,1306.375,67.4375,13.470833333333333,34.833333333333336,0.5854166666666667,3.2083333333333335,0.9354166666666667,174.79166666666666,121.91666666666667
2023-01-04,87.65416666666665,61.0375,796.5833333333334,52.833333333333336,7.991666666666667,38.791666666666664,0.52125,1.2083333333333333,0.9166666666666666,157.75,96.125
2023-01-05,84.42916666666666,58.791666666666664,623.5416666666666,41.704166666666666,7.8500000000000005,49.416666666666664,0.47041666666666665,1.0833333333333333,0.9270833333333334,152.70833333333334,88.29166666666667
2023-01-06,74.2625,51.737500000000004,622.75,36.975,5.904166666666666,49.916666666666664,0.4283333333333333,0.875,0.9416666666666668,146.45833333333334,83.79166666666667
2023-01-07,79.61666666666666,55.5625,734.5833333333334,45.025,8.695833333333333,44.541666666666664,0.41583333333333333,0.7083333333333334,0.9854166666666666,143.79166666666666,82.29166666666667
2023-01-08,79.825,55.75,821.375,54.00833333333333,11.479166666666666,38.75,0.4075,0.3333333333333333,0.9708333333333333,150.70833333333334,85.625
2023-01-09,80.89166666666667,56.49583333333334,852.2083333333334,53.208333333333336,10.983333333333333,44.875,0.43124999999999997,0.2916666666666667,1.0083333333333333,146.625,83.33333333333333
2023-01-10,85.02916666666667,59.354166666666664,806.6666666666666,53.00416666666666,9.120833333333334,43.125,0.39458333333333334,0.8333333333333334,1.10625,151.08333333333334,86.08333333333333
2023-01-11,118.55,82.79166666666667,943.7916666666666,54.2125,10.858333333333334,59.041666666666664,0.4995833333333333,1.125,0.9791666666666666,157.16666666666666,95.29166666666667
2023-01-12,156.25,108.59166666666665,1283.0416666666667,59.25833333333333,14.799999999999999,64.375,0.5270833333333333,2.5416666666666665,1.0104166666666667,170.25,115.29166666666667
2023-01-13,195.17083333333335,135.44583333333333,1818.0833333333333,84.6875,30.483333333333334,58.791666666666664,0.9779166666666667,3.2916666666666665,0.75,189.04166666666666,143.875
2023-01-14,166.94583333333333,114.40416666666665,1522.6666666666667,70.35416666666667,25.066666666666666,62.166666666666664,1.1283333333333332,2.0833333333333335,0.7125,183.83333333333334,135.79166666666666
2023-01-15,187.11249999999998,129.51666666666668,2229.875,79.35416666666667,29.129166666666666,43.5,0.90625,3.0833333333333335,0.90625,190.29166666666666,145.54166666666666
2023-01-16,136.4375,94.425,1032.8333333333333,64.92916666666666,19.779166666666665,41.833333333333336,1.6116666666666666,4.083333333333333,0.6208333333333333,174.625,121.66666666666667
2023-01-17,144.99583333333334,100.82083333333333,1012.875,63.3375,20.579166666666666,49.166666666666664,1.3783333333333332,3.2083333333333335,0.6666666666666666,170.625,115.95833333333333
2023-01-18,173.72916666666666,120.65833333333335,1251.5416666666667,69.85833333333333,25.833333333333332,49.75,1.8270833333333334,2.7916666666666665,0.4916666666666667,177.91666666666666,126.875
2023-01-19,170.30416666666667,117.8875,1170.7083333333333,67.02499999999999,13.6875,48.125,1.0691666666666666,3.7916666666666665,0.8895833333333334,187.16666666666666,140.79166666666666
2023-01-20,177.90833333333333,123.50833333333333,1184.5416666666667,63.20416666666667,10.362499999999999,44.166666666666664,0.8004166666666667,3.5416666666666665,0.9354166666666667,183.08333333333334,134.625
2023-01-21,185.60833333333335,128.85833333333332,1464.9583333333333,74.22500000000001,13.891666666666666,40.166666666666664,0.7825000000000001,4.375,0.9562499999999999,185.33333333333334,137.95833333333334
2023-01-22,230.17916666666667,160.20000000000002,2146.125,89.20416666666667,31.0,42.625,1.0262499999999999,3.625,0.8791666666666668,198.79166666666666,157.58333333333334
2023-01-23,281.75,196.39583333333334,2403.75,103.2,48.9,44.875,1.6708333333333334,2.9583333333333335,0.5458333333333333,225.91666666666666,181.125
2023-01-24,246.34583333333333,171.775,1937.1666666666667,94.42916666666667,41.291666666666664,50.25,1.2816666666666667,2.2083333333333335,0.7687499999999999,241.66666666666666,193.66666666666666
2023-01-25,222.84166666666667,155.625,1706.1666666666667,93.62083333333334,27.070833333333336,46.958333333333336,1.3591666666666666,1.0,0.7062499999999999,202.58333333333334,161.79166666666666
2023-01-26,293.53333333333336,205.1,2270.4166666666665,104.55833333333334,43.17083333333333,46.583333333333336,2.134583333333333,1.0,0.43333333333333335,232.95833333333334,186.66666666666666
2023-01-27,242.94583333333333,169.58333333333334,1888.0,88.5125,29.383333333333336,56.375,1.1945833333333333,0.3333333333333333,0.86875,261.5,209.625
2023-01-28,120.27083333333333,83.675,866.0833333333334,53.775,13.279166666666667,59.791666666666664,0.8225000000000001,0.3333333333333333,0.9666666666666667,176.79166666666666,124.125
2023-01-29,113.875,79.07083333333334,882.3333333333334,48.104166666666664,10.179166666666667,58.791666666666664,0.5591666666666667,1.7916666666666667,1.1875,163.75,105.29166666666667
2023-01-30,157.9875,109.62916666666666,1355.0,78.64999999999999,16.716666666666665,52.25,0.6170833333333333,2.9583333333333335,1.1583333333333334,170.5,115.41666666666667
2023-01-31,148.61666666666667,103.46666666666665,1212.0416666666667,73.99583333333334,10.904166666666667,51.708333333333336,0.7770833333333332,1.5416666666666667,1.0895833333333333,178.54166666666666,127.79166666666667
2023-02-01,124.09583333333335,86.44166666666666,915.2083333333334,53.895833333333336,17.004166666666666,53.041666666666664,0.7033333333333333,0.4583333333333333,0.5499999999999999,171.08333333333334,116.58333333333333
2023-02-02,71.55416666666666,49.199999999999996,576.125,38.475,11.445833333333333,68.58333333333333,0.29875,3.5,1.3541666666666667,152.75,91.75
2023-02-03,90.79583333333333,63.30833333333334,728.25,48.583333333333336,8.204166666666667,59.083333333333336,0.45083333333333336,1.4166666666666667,1.2437500000000001,147.41666666666666,84.875
2023-02-04,118.80833333333334,83.02083333333333,843.5416666666666,55.862500000000004,13.116666666666667,75.125,0.5925,1.375,1.21875,158.625,97.5
2023-02-05,148.86249999999998,103.44166666666666,1092.6666666666667,71.20416666666667,20.537499999999998,77.70833333333333,0.61,3.875,1.2208333333333334,171.45833333333334,117.08333333333333
2023-02-06,139.6875,96.625,1279.875,79.72916666666667,19.179166666666667,54.625,0.5179166666666667,5.208333333333333,1.3333333333333333,175.875,123.75
2023-02-07,106.00416666666666,72.06666666666666,1208.1666666666667,59.229166666666664,19.675,57.541666666666664,0.5479166666666667,3.4583333333333335,1.2916666666666667,163.54166666666666,104.875
2023-02-08,67.22916666666667,44.43333333333334,701.4583333333334,39.291666666666664,12.616666666666667,66.375,0.5995833333333334,0.25,1.2208333333333334,141.20833333333334,83.58333333333333
2023-02-09,105.09583333333335,70.9375,1088.5,64.55833333333334,17.983333333333334,53.25,0.815,0.16666666666666666,0.9979166666666667,143.08333333333334,83.45833333333333
2023-02-10,125.49583333333334,86.64166666666667,1176.3333333333333,87.53333333333335,18.829166666666666,45.75,0.5854166666666667,1.2083333333333333,1.4083333333333332,167.91666666666666,111.66666666666667
2023-02-11,137.67083333333332,95.55833333333334,1314.0416666666667,70.16250000000001,30.3875,75.16666666666667,0.6179166666666667,2.2916666666666665,1.2354166666666666,166.91666666666666,109.91666666666667
2023-02-12,84.35416666666667,57.57916666666667,483.0416666666667,25.583333333333332,21.974999999999998,92.54166666666667,0.7341666666666667,1.2083333333333333,1.10625,157.125,95.08333333333333
2023-02-13,57.012499999999996,38.47083333333333,393.4583333333333,23.912499999999998,16.304166666666667,82.58333333333333,0.24583333333333335,6.0,1.5854166666666665,144.04166666666666,84.125
2023-02-14,68.47916666666667,47.225,620.2916666666666,48.87916666666666,16.454166666666666,69.54166666666667,0.26166666666666666,3.25,1.5125,116.70833333333333,73.75
2023-02-15,99.3125,69.075,1034.25,70.15416666666667,14.658333333333333,66.83333333333333,0.4925,2.1666666666666665,1.3104166666666666,145.125,84.125
2023-02-16,144.97916666666666,100.96249999999999,1799.8333333333333,91.59166666666665,23.3125,58.291666666666664,0.7354166666666666,2.9166666666666665,1.0854166666666667,167.45833333333334,110.95833333333333
2023-02-17,139.02083333333334,96.22916666666667,1401.9583333333333,93.8125,24.958333333333332,71.58333333333333,0.8916666666666666,2.6666666666666665,1.03125,173.20833333333334,119.54166666666667
2023-02-18,144.84583333333333,99.50833333333333,1335.9583333333333,91.125,28.59166666666667,72.375,1.1170833333333334,2.25,0.9666666666666667,173.33333333333334,119.75
2023-02-19,138.61249999999998,93.6375,1082.5416666666667,68.39166666666667,17.9375,60.375,1.3770833333333332,2.125,0.8166666666666668,167.58333333333334,111.08333333333333
2023-02-20,155.67083333333332,106.925,1155.5416666666667,71.83749999999999,21.004166666666666,71.08333333333333,1.4579166666666667,2.375,0.8479166666666668,174.54166666666666,121.70833333333333
2023-02-21,95.32083333333333,64.87083333333334,694.125,50.699999999999996,11.745833333333332,52.458333333333336,1.1358333333333335,0.9166666666666666,1.0916666666666666,169.45833333333334,113.95833333333333
2023-02-22,61.35833333333333,40.69166666666667,360.5,27.195833333333336,7.233333333333333,71.25,0.8325,0.4166666666666667,1.1729166666666666,130.45833333333334,78.66666666666667
2023-02-23,61.708333333333336,41.020833333333336,496.9166666666667,32.27916666666666,8.079166666666667,69.70833333333333,0.7941666666666666,0.75,1.4437499999999999,109.625,71.5
2023-02-24,68.90833333333333,45.949999999999996,515.375,43.57083333333333,8.070833333333333,65.875,0.9729166666666668,0.4166666666666667,1.2270833333333335,115.5,73.41666666666667
2023-02-25,102.23333333333333,70.22083333333333,964.1666666666666,65.82083333333334,20.670833333333334,59.25,0.7487499999999999,1.125,1.41875,148.29166666666666,86.79166666666667
2023-02-26,98.44583333333333,68.29166666666667,1195.0,79.55833333333334,22.09583333333333,51.75,0.50375,1.125,1.6125,158.375,97.29166666666667
2023-02-27,104.47500000000001,72.57083333333334,1017.5,68.7625,21.75,58.125,0.7195833333333334,0.625,1.3583333333333334,158.125,96.79166666666667
2023-02-28,111.00416666666666,77.15833333333333,1101.9166666666667,81.43333333333334,21.925,62.75,0.56875,1.25,1.4958333333333333,161.45833333333334,102.0
2023-03-01,110.76666666666667,76.54166666666667,1051.5416666666667,71.3,21.275000000000002,73.54166666666667,0.62125,3.875,1.4625000000000001,157.41666666666666,95.58333333333333
2023-03-02,124.0,86.05416666666667,1280.9583333333333,75.29583333333333,27.008333333333336,88.875,0.63625,2.5416666666666665,1.4083333333333332,165.95833333333334,108.70833333333333
2023-03-03,129.54166666666666,89.75416666666666,1772.4166666666667,86.97500000000001,25.895833333333332,62.875,0.5337500000000001,2.875,1.5145833333333334,169.58333333333334,114.25
2023-03-04,125.44583333333333,86.58333333333333,1359.2083333333333,83.17083333333333,22.28333333333333,64.33333333333333,0.5975,4.208333333333333,1.5645833333333332,164.875,106.95833333333333
2023-03-05,125.77499999999999,87.03333333333335,1260.0833333333333,81.89999999999999,24.270833333333332,70.33333333333333,0.6279166666666667,3.7916666666666665,1.5354166666666667,167.625,111.0
2023-03-06,87.77083333333333,60.0375,1065.4166666666667,60.50833333333333,15.012500000000001,56.083333333333336,0.4266666666666667,5.458333333333333,1.8208333333333335,159.33333333333334,98.70833333333333
2023-03-07,89.47500000000001,62.275,1257.2916666666667,69.84166666666667,17.091666666666665,59.416666666666664,0.405,0.9583333333333334,1.7354166666666666,153.75,90.125
2023-03-08,61.23333333333333,42.550000000000004,692.2916666666666,67.39999999999999,16.741666666666667,48.5,0.5091666666666667,0.75,1.6541666666666668,133.33333333333334,79.70833333333333
2023-03-09,83.22083333333333,57.8125,858.7083333333334,55.09166666666667,14.799999999999999,65.75,0.93,1.0833333333333333,1.3541666666666667,126.45833333333333,76.875
2023-03-10,110.46249999999999,76.97500000000001,1504.5833333333333,79.4,21.05,47.375,0.8820833333333334,0.25,1.16875,156.66666666666666,94.54166666666667
2023-03-11,147.40833333333333,102.85833333333333,2006.0833333333333,101.49583333333334,26.1875,58.75,1.0266666666666666,0.4166666666666667,1.3875,174.25,121.29166666666667
2023-03-12,86.64166666666667,60.35833333333333,755.75,64.09583333333333,15.608333333333334,75.20833333333333,0.8995833333333333,0.25,1.5062499999999999,158.29166666666666,96.95833333333333
2023-03-13,80.27083333333333,55.7875,793.25,58.25833333333333,14.0875,69.20833333333333,0.5120833333333333,0.75,1.90625,151.83333333333334,87.41666666666667
2023-03-14,117.4875,81.825,1299.3333333333333,75.05416666666666,21.083333333333332,65.875,1.07125,0.25,1.1270833333333334,157.875,96.41666666666667
2023-03-15,95.73333333333333,65.90416666666667,659.125,50.958333333333336,12.008333333333333,73.29166666666667,1.4295833333333334,0.4583333333333333,0.88125,159.16666666666666,98.20833333333333
2023-03-16,97.89999999999999,66.79583333333333,675.1666666666666,52.01666666666667,8.879166666666666,58.458333333333336,1.385,0.6666666666666666,0.9541666666666666,155.08333333333334,91.875
2023-03-17,120.15416666666665,83.04583333333333,837.2083333333334,64.42083333333333,19.6125,67.45833333333333,2.169583333333333,0.875,0.7604166666666666,160.125,99.95833333333333
2023-03-18,121.24583333333334,83.78333333333333,1082.125,70.925,20.008333333333333,67.125,1.4679166666666668,0.625,0.8958333333333334,165.125,107.45833333333333
2023-03-19,89.42916666666667,61.95416666666667,1172.6666666666667,57.612500000000004,12.370833333333332,39.25,0.9104166666666665,0.20833333333333334,0.9583333333333334,164.25,105.95833333333333
2023-03-20,32.74166666666667,22.416666666666668,482.5833333333333,30.599999999999998,4.129166666666666,49.5,0.57,0.125,0.68125,94.16666666666667,63.083333333333336
2023-03-21,39.387499999999996,26.920833333333334,472.2083333333333,31.916666666666668,6.533333333333334,60.875,0.68375,0.5833333333333334,1.5374999999999999,72.875,52.541666666666664
2023-03-22,51.15833333333333,35.25833333333333,528.1666666666666,44.82083333333333,8.15,65.16666666666667,0.7691666666666667,1.0833333333333333,1.5041666666666667,91.75,65.33333333333333
2023-03-23,59.050000000000004,40.6625,503.4583333333333,41.983333333333334,10.875,68.875,0.7691666666666667,1.1666666666666667,1.3854166666666667,107.79166666666667,70.95833333333333
2023-03-24,77.36666666666666,53.49583333333334,760.4166666666666,56.94583333333333,10.579166666666667,59.5,0.5929166666666666,0.9583333333333334,1.7666666666666666,118.91666666666667,74.45833333333333
2023-03-25,96.72500000000001,66.87916666666666,810.4583333333334,72.41666666666667,13.470833333333333,72.33333333333333,0.9495833333333333,1.2083333333333333,1.45625,155.54166666666666,93.0
2023-03-26,67.08749999999999,45.32916666666667,514.7083333333334,45.97083333333333,9.625,54.041666666666664,0.9829166666666667,1.7083333333333333,1.3708333333333333,145.91666666666666,85.45833333333333
2023-03-27,74.43333333333334,49.987500000000004,495.4583333333333,40.86666666666667,11.762500000000001,78.45833333333333,1.26,4.208333333333333,1.2541666666666667,125.5,76.45833333333333
2023-03-28,90.57083333333333,62.07916666666667,667.8333333333334,49.96666666666667,15.008333333333333,93.20833333333333,0.8491666666666666,2.8333333333333335,1.6291666666666667,146.875,83.83333333333333
2023-03-29,70.62083333333334,48.125,511.0416666666667,43.90833333333333,7.320833333333333,63.083333333333336,1.1258333333333332,1.25,1.025,149.16666666666666,86.41666666666667
2023-03-30,66.95,45.00833333333333,529.2916666666666,44.0625,7.033333333333334,43.958333333333336,1.09375,1.5,1.4166666666666667,126.58333333333333,76.83333333333333
2023-03-31,63.70416666666667,42.6,665.375,39.62083333333333,9.204166666666667,49.833333333333336,1.2279166666666665,1.0,1.0916666666666666,113.54166666666667,72.75
2023-04-01,65.35000000000001,45.0875,841.25,51.75,12.762500000000001,81.95833333333333,0.8066666666666666,1.0416666666666667,1.3916666666666666,132.91666666666666,78.875
2023-04-02,67.77916666666667,46.925000000000004,700.2916666666666,57.145833333333336,12.779166666666667,73.33333333333333,0.9362499999999999,1.2916666666666667,1.2583333333333333,122.375,75.5
2023-04-03,49.6625,33.90416666666666,392.5416666666667,25.383333333333336,11.475000000000001,89.58333333333333,0.7120833333333333,1.0416666666666667,1.7020833333333334,110.95833333333333,71.79166666666667
2023-04-04,43.29583333333333,28.920833333333334,260.8333333333333,10.329166666666667,9.858333333333333,83.66666666666667,0.5645833333333333,0.7083333333333334,1.7333333333333334,90.95833333333333,64.375
2023-04-05,48.324999999999996,31.929166666666664,286.0,15.2125,10.9375,83.0,0.8370833333333333,1.9583333333333333,1.5625,86.875,63.541666666666664
2023-04-06,72.22916666666667,49.06666666666666,682.25,40.68333333333333,14.166666666666666,75.83333333333333,0.53875,1.5,1.84375,109.95833333333333,71.29166666666667
2023-04-07,85.32083333333334,58.72083333333333,861.7916666666666,68.32083333333334,17.091666666666665,78.20833333333333,0.47000000000000003,1.0,1.9875,149.91666666666666,86.125
2023-04-08,100.44166666666666,69.62916666666666,1064.6666666666667,83.35416666666667,18.633333333333333,92.125,0.5520833333333334,1.1666666666666667,1.8708333333333333,161.375,90.375
2023-04-09,99.0,68.73333333333333,1162.1666666666667,78.8875,19.495833333333334,79.875,0.5466666666666666,1.25,1.9791666666666667,158.66666666666666,96.66666666666667
2023-04-10,91.87916666666666,63.78333333333333,1048.375,72.72083333333333,20.166666666666668,81.70833333333333,0.7020833333333334,0.7083333333333334,1.7166666666666668,154.66666666666666,90.45833333333333
2023-04-11,99.33749999999999,68.9375,986.6666666666666,75.77916666666667,19.295833333333334,88.08333333333333,0.6933333333333334,0.9166666666666666,1.65625,159.33333333333334,96.45833333333333
2023-04-12,112.51666666666667,78.29583333333333,1384.0416666666667,76.52499999999999,22.650000000000002,82.04166666666667,0.5520833333333334,0.7083333333333334,1.9937500000000001,159.70833333333334,98.41666666666667
2023-04-13,95.12083333333334,66.25,1207.375,71.82916666666667,19.895833333333332,83.95833333333333,0.41500000000000004,0.5,2.075,162.66666666666666,99.91666666666667
2023-04-14,78.66666666666667,54.42916666666667,1011.4166666666666,57.62916666666666,17.2875,78.04166666666667,0.48666666666666664,1.1666666666666667,2.1270833333333337,140.95833333333334,82.16666666666667
2023-04-15,99.44166666666666,68.94583333333334,1070.8333333333333,78.41666666666667,16.9875,78.16666666666667,0.6116666666666667,0.625,1.7729166666666665,155.95833333333334,90.08333333333333
2023-04-16,112.10833333333333,77.84583333333333,1207.7083333333333,79.39999999999999,20.433333333333334,77.0,0.7595833333333334,1.0833333333333333,1.8104166666666668,162.41666666666666,102.79166666666667
2023-04-17,76.30416666666666,52.520833333333336,671.9166666666666,46.35833333333333,12.966666666666667,79.29166666666667,0.9683333333333334,0.5,1.5145833333333334,154.625,91.33333333333333
2023-04-18,68.52916666666667,45.63333333333333,464.3333333333333,35.170833333333334,8.174999999999999,75.04166666666667,0.90625,0.6666666666666666,1.5291666666666668,133.875,79.33333333333333
2023-04-19,48.958333333333336,32.420833333333334,368.2083333333333,28.816666666666666,7.529166666666666,73.75,0.6154166666666666,0.2916666666666667,1.8416666666666668,103.375,69.33333333333333
2023-04-20,54.112500000000004,35.050000000000004,349.0833333333333,22.766666666666666,6.608333333333333,84.45833333333333,0.7108333333333333,0.7916666666666666,1.78125,99.83333333333333,68.08333333333333
2023-04-21,63.637499999999996,41.333333333333336,410.2083333333333,31.054166666666664,8.4625,80.25,0.9362499999999999,1.9583333333333333,1.4583333333333333,97.58333333333333,67.41666666666667
2023-04-22,65.98333333333333,44.425000000000004,540.3333333333334,40.170833333333334,9.483333333333333,77.375,0.9016666666666667,1.5,1.5041666666666667,125.20833333333333,76.45833333333333
2023-04-23,76.34166666666667,52.15833333333333,550.625,43.22083333333333,19.816666666666666,81.125,1.1495833333333334,1.9583333333333333,1.0979166666666667,128.125,77.375
2023-04-24,79.52083333333333,54.7125,704.125,59.291666666666664,17.433333333333334,82.04166666666667,0.8304166666666667,1.2916666666666667,1.8041666666666665,149.5,83.83333333333333
2023-04-25,83.47083333333333,57.67916666666667,798.9166666666666,64.21249999999999,12.112499999999999,88.66666666666667,0.7179166666666666,0.75,1.7333333333333334,155.58333333333334,87.95833333333333
2023-04-26,93.075,64.70833333333333,969.9583333333334,72.37083333333334,16.458333333333332,106.58333333333333,0.8079166666666667,0.3333333333333333,1.5979166666666667,159.54166666666666,85.75
2023-04-27,110.52499999999999,76.79166666666667,1195.4166666666667,76.35416666666667,22.858333333333334,113.16666666666667,0.9933333333333333,0.7083333333333334,1.48125,172.04166666666666,101.875
2023-04-28,84.87083333333334,58.84583333333333,741.75,63.47083333333333,14.512500000000001,96.29166666666667,0.88,0.875,1.6875,157.79166666666666,90.375
2023-04-29,92.27083333333333,63.65,867.5,54.82083333333333,19.579166666666666,101.08333333333333,0.9783333333333334,1.125,1.6583333333333332,158.29166666666666,93.08333333333333
2023-04-30,85.08333333333333,58.729166666666664,610.4583333333334,49.84166666666667,17.579166666666666,105.0,0.9908333333333333,1.3333333333333333,1.75,156.25,86.70833333333333
2023-05-01,75.08749999999999,52.20416666666667,533.7083333333334,38.125,13.958333333333334,112.29166666666667,0.8254166666666668,0.6666666666666666,1.6541666666666668,145.66666666666666,81.16666666666667
2023-05-02,100.62916666666666,70.05,972.7916666666666,61.666666666666664,22.704166666666666,83.875,0.62,0.9166666666666666,2.0395833333333333,155.375,89.95833333333333
2023-05-03,82.27499999999999,56.61666666666667,1164.0833333333333,59.68333333333334,18.849999999999998,61.458333333333336,0.6425,0.6666666666666666,1.5020833333333332,157.70833333333334,96.04166666666667
2023-05-04,40.59166666666667,27.974999999999998,485.125,31.675,8.058333333333334,57.916666666666664,0.5091666666666667,0.4166666666666667,1.2479166666666666,103.5,69.16666666666667
2023-05-05,40.24583333333333,27.912499999999998,489.9166666666667,39.145833333333336,7.75,61.916666666666664,0.55,0.08333333333333333,2.222916666666667,78.83333333333333,60.458333333333336
2023-05-06,81.41250000000001,56.32083333333333,688.375,53.99166666666667,14.258333333333333,85.875,0.9670833333333334,0.6666666666666666,1.5812499999999998,115.0,72.08333333333333
2023-05-07,84.49166666666666,58.38333333333333,720.9166666666666,53.70416666666667,18.204166666666666,82.29166666666667,0.6916666666666668,0.875,1.8812499999999999,151.66666666666666,86.04166666666667
2023-05-08,83.71249999999999,57.479166666666664,879.3333333333334,58.93333333333334,18.099999999999998,80.79166666666667,0.61375,2.9583333333333335,2.029166666666667,151.95833333333334,87.5
2023-05-09,99.44166666666666,68.83749999999999,951.0,75.49583333333334,19.162499999999998,78.91666666666667,0.86375,1.5416666666666667,1.6520833333333333,153.375,88.66666666666667
2023-05-10,79.4875,54.762499999999996,680.4583333333334,55.770833333333336,16.962500000000002,87.04166666666667,0.87,1.3333333333333333,1.6458333333333333,156.75,94.875
2023-05-11,45.37916666666666,30.845833333333335,555.875,39.987500000000004,9.15,62.208333333333336,0.6095833333333334,0.625,2.15625,106.91666666666667,70.33333333333333
2023-05-12,67.46666666666667,45.76666666666667,700.1666666666666,65.10833333333333,12.7875,65.0,0.64125,0.7916666666666666,2.0208333333333335,103.0,69.16666666666667
2023-05-13,79.95833333333333,54.916666666666664,649.6666666666666,55.82916666666667,14.2125,85.25,0.9766666666666667,0.8333333333333334,1.3812499999999999,148.5,84.33333333333333
2023-05-14,40.800000000000004,28.5125,479.5416666666667,44.64166666666667,13.041666666666666,48.583333333333336,0.30541666666666667,0.0,0.6520833333333333,123.95833333333333,75.95833333333333
2023-05-15,28.787499999999998,20.0,365.0416666666667,28.316666666666666,7.3875,83.75,0.64625,0.16666666666666666,2.247916666666667,74.45833333333333,51.208333333333336
2023-05-16,42.00416666666667,26.40833333333333,325.7916666666667,20.370833333333334,3.529166666666667,85.79166666666667,1.0904166666666666,1.5,1.2625,71.25,50.291666666666664
2023-05-17,43.42083333333333,26.695833333333336,310.75,25.929166666666664,3.6916666666666664,65.70833333333333,0.9379166666666667,0.875,1.6416666666666666,80.875,61.166666666666664
2023-05-18,33.92916666666667,21.108333333333334,291.75,25.72083333333333,3.8083333333333336,50.458333333333336,0.9270833333333334,0.2916666666666667,1.1604166666666667,77.375,56.75
2023-05-19,49.53333333333333,30.495833333333334,310.75,25.645833333333332,4.0625,60.583333333333336,1.0795833333333333,2.4166666666666665,1.6604166666666667,76.33333333333333,53.916666666666664
2023-05-20,35.55833333333333,22.391666666666666,303.6666666666667,24.375,3.808333333333333,66.20833333333333,0.7933333333333333,2.375,1.9520833333333334,82.04166666666667,60.541666666666664
2023-05-21,40.0,24.729166666666668,313.9583333333333,24.8625,4.483333333333333,66.70833333333333,0.8891666666666667,1.625,1.5687499999999999,72.29166666666667,51.25
2023-05-22,42.0375,26.5,336.8333333333333,29.604166666666668,4.2124999999999995,59.916666666666664,0.82125,2.3333333333333335,1.7770833333333333,80.58333333333333,61.041666666666664
2023-05-23,39.2875,25.75,389.125,36.42916666666667,4.7875000000000005,48.75,1.17,1.3333333333333333,1.1291666666666667,79.08333333333333,60.125
2023-05-24,38.3375,25.041666666666668,374.4583333333333,31.429166666666664,6.354166666666667,62.291666666666664,1.2333333333333334,2.75,0.9791666666666666,80.625,61.125
2023-05-25,40.145833333333336,26.3875,385.25,31.604166666666668,5.141666666666667,58.375,0.9824999999999999,1.25,1.4458333333333335,77.54166666666667,59.291666666666664
2023-05-26,48.875,32.42916666666667,455.375,38.479166666666664,6.783333333333334,76.95833333333333,1.14875,1.0,1.4104166666666667,84.41666666666667,62.833333333333336
2023-05-27,44.89166666666667,29.55,478.2083333333333,39.125,7.1375,52.5,0.7504166666666667,1.0833333333333333,0.9229166666666666,95.375,66.58333333333333
2023-05-28,88.07916666666667,60.083333333333336,963.875,65.11666666666666,15.875,96.79166666666667,0.8304166666666667,2.75,1.76875,122.95833333333333,72.375
2023-05-29,127.24166666666667,87.55,1281.4166666666667,88.70416666666667,23.34583333333333,84.45833333333333,0.7620833333333333,3.8333333333333335,1.7854166666666667,164.70833333333334,105.70833333333333
2023-05-30,129.7125,88.68333333333334,1359.5,82.27083333333333,17.508333333333333,90.375,0.6925,7.25,2.0729166666666665,168.54166666666666,109.33333333333333
2023-05-31,100.75,68.27916666666667,750.75,61.40416666666667,14.333333333333334,95.66666666666667,0.8504166666666667,5.583333333333333,1.7,165.95833333333334,103.41666666666667
2023-06-01,68.7625,45.39166666666667,476.0416666666667,41.99166666666667,9.637500000000001,79.16666666666667,1.1441666666666668,1.375,1.3125,139.25,81.95833333333333
2023-06-02,73.55416666666666,48.949999999999996,467.75,38.24166666666667,8.220833333333333,87.25,1.01125,2.2916666666666665,1.5687499999999999,129.70833333333334,77.79166666666667
2023-06-03,66.5125,44.31666666666666,434.4166666666667,35.24166666666667,6.641666666666667,85.0,0.9404166666666667,2.125,1.8229166666666667,128.625,77.41666666666667
2023-06-04,65.47500000000001,42.541666666666664,475.0833333333333,38.237500000000004,6.891666666666667,71.08333333333333,0.8770833333333333,2.25,1.8395833333333333,119.08333333333333,74.33333333333333
2023-06-05,75.7375,49.666666666666664,575.0833333333334,51.525,9.416666666666666,80.33333333333333,0.7050000000000001,3.625,2.0500000000000003,126.25,76.66666666666667
2023-06-06,77.70416666666667,52.425000000000004,646.4166666666666,61.395833333333336,10.262500000000001,83.66666666666667,0.9391666666666666,1.5833333333333333,1.7854166666666667,140.0,81.0
2023-06-07,105.04583333333333,72.27916666666667,640.1666666666666,56.75,14.079166666666666,109.125,1.3445833333333335,1.125,1.3229166666666667,160.75,90.125
2023-06-08,90.56666666666666,62.04583333333333,630.625,53.59583333333333,14.700000000000001,84.20833333333333,1.5691666666666666,0.8333333333333334,0.8041666666666667,157.25,95.45833333333333
2023-06-09,57.550000000000004,39.9625,573.5833333333334,47.645833333333336,9.179166666666667,74.33333333333333,1.2891666666666668,0.3333333333333333,0.4166666666666667,133.83333333333334,79.95833333333333
2023-06-10,51.39166666666667,35.699999999999996,496.4583333333333,46.35833333333333,7.875,69.29166666666667,0.98875,0.3333333333333333,0.9541666666666667,107.41666666666667,70.70833333333333
2023-06-11,37.329166666666666,25.7,367.5,27.77916666666667,4.658333333333333,78.66666666666667,1.13625,0.375,0.9791666666666666,97.20833333333333,67.29166666666667
2023-06-12,35.458333333333336,23.745833333333334,316.7083333333333,25.954166666666666,4.2,77.70833333333333,1.495,0.6666666666666666,0.9624999999999999,67.41666666666667,48.083333333333336
2023-06-13,39.479166666666664,26.6375,288.875,23.254166666666666,4.3125,72.29166666666667,1.14625,1.4583333333333333,1.5104166666666667,80.79166666666667,60.875
2023-06-14,40.512499999999996,26.620833333333334,232.70833333333334,17.166666666666668,4.979166666666667,86.16666666666667,1.1491666666666667,2.4166666666666665,1.55,81.5,61.416666666666664
2023-06-15,41.52916666666667,26.620833333333334,221.125,15.416666666666666,4.6875,86.54166666666667,1.0220833333333335,2.625,1.3375000000000001,82.20833333333333,61.666666666666664
2023-06-16,37.8125,23.833333333333332,213.70833333333334,17.6875,4.391666666666667,75.125,0.9862500000000001,2.5416666666666665,1.6166666666666665,79.83333333333333,60.708333333333336
2023-06-17,35.30833333333333,21.71666666666667,193.66666666666666,15.1,4.0375000000000005,66.91666666666667,0.9158333333333334,3.9166666666666665,2.089583333333333,70.95833333333333,47.541666666666664
2023-06-18,33.49166666666667,20.220833333333335,210.20833333333334,18.004166666666666,3.9625,52.708333333333336,1.0566666666666666,3.75,1.26875,70.20833333333333,45.875
2023-06-19,27.8625,17.462500000000002,226.41666666666666,21.6875,3.8208333333333333,47.958333333333336,0.88875,2.3333333333333335,1.2125000000000001,62.791666666666664,36.125
2023-06-20,20.141666666666666,13.104166666666666,211.0,19.025000000000002,3.375,45.125,0.8562500000000001,0.875,1.48125,59.083333333333336,32.458333333333336
2023-06-21,19.233333333333334,12.779166666666667,222.625,20.016666666666666,3.8333333333333335,43.708333333333336,0.8404166666666667,0.2916666666666667,1.5625,50.541666666666664,26.375
2023-06-22,17.304166666666667,11.700000000000001,227.0,19.287499999999998,3.4499999999999997,42.5,0.5966666666666667,0.125,1.5958333333333332,51.25,26.208333333333332
2023-06-23,14.216666666666667,9.583333333333334,221.83333333333334,18.349999999999998,3.0833333333333335,49.791666666666664,0.27625,0.0,1.8812499999999999,44.458333333333336,23.458333333333332
2023-06-24,14.975,10.170833333333333,224.58333333333334,15.904166666666667,2.9583333333333335,61.0,0.2804166666666667,0.125,1.9666666666666668,40.166666666666664,25.083333333333332
2023-06-25,14.395833333333334,9.729166666666666,204.5,15.729166666666666,3.045833333333333,52.25,0.2808333333333333,0.0,2.1083333333333334,44.75,23.958333333333332
2023-06-26,11.516666666666666,7.8999999999999995,205.875,18.045833333333334,2.9,45.041666666666664,0.20125,0.0,1.7437500000000001,35.833333333333336,20.416666666666668
2023-06-27,12.316666666666668,8.529166666666667,192.45833333333334,15.733333333333334,2.7458333333333336,44.916666666666664,0.14875000000000002,0.16666666666666666,0.725,32.0,18.458333333333332
2023-06-28,22.070833333333336,13.737499999999999,184.91666666666666,9.358333333333333,4.825,62.416666666666664,0.3979166666666667,4.916666666666667,1.0416666666666667,41.416666666666664,26.208333333333332
2023-06-29,20.099999999999998,12.720833333333333,197.875,11.958333333333334,5.404166666666666,50.333333333333336,0.36083333333333334,4.083333333333333,0.7083333333333334,56.25,29.875
2023-06-30,22.766666666666666,14.8375,237.0,15.633333333333333,6.516666666666667,45.208333333333336,0.44375000000000003,1.4583333333333333,0.6583333333333333,51.25,25.791666666666668
2023-07-01,27.566666666666666,18.391666666666666,240.79166666666666,15.020833333333334,6.520833333333333,46.25,0.48666666666666664,0.9583333333333334,1.60625,60.333333333333336,33.916666666666664
2023-07-02,23.7375,16.1375,245.66666666666666,14.858333333333334,6.645833333333333,53.416666666666664,0.5566666666666666,0.7916666666666666,1.2395833333333333,61.958333333333336,35.666666666666664
2023-07-03,24.400000000000002,16.05,221.66666666666666,12.891666666666666,5.704166666666667,50.25,0.5675,1.7916666666666667,1.675,57.875,32.041666666666664
2023-07-04,20.008333333333333,13.4125,210.58333333333334,13.729166666666666,6.4375,40.583333333333336,0.3804166666666666,0.8333333333333334,2.4166666666666665,57.291666666666664,30.916666666666668
2023-07-05,12.858333333333334,8.7125,179.04166666666666,12.391666666666666,6.470833333333334,47.0,0.2404166666666667,0.0,1.7625,47.208333333333336,25.166666666666668
2023-07-06,9.612499999999999,6.145833333333333,151.33333333333334,7.704166666666667,3.841666666666667,48.833333333333336,0.16666666666666666,0.0,1.5958333333333332,30.25,19.583333333333332
2023-07-07,11.983333333333334,7.683333333333334,163.95833333333334,9.341666666666667,4.329166666666667,47.791666666666664,0.19999999999999998,0.0,1.7395833333333333,28.75,19.25
2023-07-08,13.283333333333333,8.645833333333334,172.5,10.333333333333334,4.891666666666667,51.041666666666664,0.21583333333333332,0.2916666666666667,1.4958333333333333,32.833333333333336,21.25
2023-07-09,20.270833333333332,13.358333333333334,200.25,12.441666666666668,5.7749999999999995,56.833333333333336,0.29916666666666664,0.5833333333333334,1.5125000000000002,43.041666666666664,26.041666666666668
2023-07-10,21.5,13.920833333333334,188.91666666666666,11.4375,5.1875,47.208333333333336,0.42166666666666663,1.5833333333333333,1.3791666666666667,55.458333333333336,29.291666666666668
2023-07-11,14.929166666666667,9.904166666666667,185.83333333333334,10.5,5.058333333333334,50.25,0.32083333333333336,1.125,1.6833333333333333,48.875,25.958333333333332
2023-07-12,13.8125,8.966666666666667,174.125,9.954166666666667,4.620833333333334,39.708333333333336,0.215,0.9583333333333334,2.28125,40.083333333333336,20.958333333333332
2023-07-13,12.445833333333333,8.266666666666667,182.70833333333334,11.345833333333333,5.2625,42.333333333333336,0.19375,0.0,1.39375,34.166666666666664,20.041666666666668
2023-07-14,16.966666666666665,11.770833333333334,200.33333333333334,12.241666666666667,6.1125,53.75,0.2333333333333333,2.2916666666666665,1.7395833333333333,42.666666666666664,23.791666666666668
2023-07-15,10.1,7.016666666666667,168.375,8.950000000000001,4.720833333333333,53.416666666666664,0.1775,0.08333333333333333,2.1125000000000003,40.583333333333336,23.708333333333332
2023-07-16,9.383333333333333,6.270833333333333,162.29166666666666,9.025,4.420833333333333,55.333333333333336,0.1758333333333333,0.0,1.58125,28.5,22.083333333333332
2023-07-17,15.095833333333333,10.137500000000001,196.58333333333334,13.541666666666666,6.3,55.625,0.22999999999999998,0.25,1.9458333333333335,32.125,23.291666666666668
2023-07-18,17.108333333333334,11.558333333333332,186.29166666666666,11.958333333333334,6.4875,58.958333333333336,0.22708333333333333,0.9583333333333334,2.535416666666667,47.416666666666664,28.708333333333332
2023-07-19,13.875,9.275,173.95833333333334,10.504166666666666,5.808333333333334,55.291666666666664,0.19583333333333333,0.4166666666666667,2.4291666666666667,44.791666666666664,25.916666666666668
2023-07-20,12.1875,8.104166666666666,165.58333333333334,10.15,5.154166666666667,53.458333333333336,0.18416666666666667,0.125,2.5291666666666663,36.75,23.125
2023-07-21,12.566666666666668,8.533333333333333,163.41666666666666,10.716666666666667,5.841666666666666,53.041666666666664,0.21,0.25,2.4625,32.916666666666664,22.083333333333332
2023-07-22,14.479166666666666,9.725,170.29166666666666,11.120833333333332,5.854166666666667,47.625,0.19208333333333336,1.4166666666666667,2.6,41.416666666666664,22.958333333333332
2023-07-23,18.829166666666666,12.308333333333332,202.33333333333334,14.287500000000001,6.091666666666666,43.208333333333336,0.18041666666666667,2.5833333333333335,2.495833333333333,41.625,23.458333333333332
2023-07-24,21.120833333333334,14.262500000000001,215.95833333333334,14.533333333333333,6.3625,45.666666666666664,0.25833333333333336,2.3333333333333335,2.3666666666666667,54.166666666666664,29.583333333333332
2023-07-25,17.2625,11.708333333333334,197.95833333333334,12.808333333333332,6.358333333333333,48.541666666666664,0.21083333333333334,0.9166666666666666,2.402083333333333,52.75,29.25
2023-07-26,11.15,7.3,155.0,9.641666666666667,4.841666666666667,44.125,0.15833333333333335,0.0,2.0145833333333334,38.666666666666664,21.458333333333332
2023-07-27,11.987499999999999,7.6499999999999995,154.0,9.25,4.475,47.958333333333336,0.17875,0.0,1.4895833333333333,30.916666666666668,19.625
2023-07-28,14.983333333333334,9.483333333333333,163.16666666666666,9.370833333333334,4.8,53.083333333333336,0.21708333333333332,0.0,1.852083333333333,36.666666666666664,21.833333333333332
2023-07-29,14.070833333333333,8.924999999999999,165.70833333333334,9.966666666666667,4.941666666666667,54.875,0.19666666666666666,0.0,1.6833333333333333,38.0,22.75
2023-07-30,26.28333333333333,17.4875,228.45833333333334,15.983333333333334,7.825,62.0,0.27499999999999997,0.6666666666666666,2.558333333333333,45.666666666666664,31.208333333333332
2023-07-31,55.49583333333334,37.96666666666667,339.2083333333333,26.375,12.641666666666666,78.83333333333333,0.7458333333333332,0.7916666666666666,2.1125,81.91666666666667,55.416666666666664
2023-08-01,40.37916666666667,28.141666666666666,282.7083333333333,16.8,13.070833333333333,81.58333333333333,0.30041666666666667,0.0,2.1708333333333334,115.375,73.25
2023-08-02,11.879166666666668,7.895833333333333,183.45833333333334,8.241666666666667,4.854166666666667,67.66666666666667,0.22583333333333333,1.0,1.3145833333333334,48.625,35.166666666666664
2023-08-03,19.670833333333334,12.6625,185.29166666666666,10.154166666666667,5.445833333333333,60.791666666666664,0.2804166666666667,3.7916666666666665,1.25625,44.708333333333336,26.041666666666668
2023-08-04,27.6875,17.579166666666666,205.375,11.6625,6.616666666666667,65.54166666666667,0.45999999999999996,6.333333333333333,1.2958333333333334,56.541666666666664,33.666666666666664
2023-08-05,32.24583333333333,19.041666666666668,215.875,12.366666666666667,5.770833333333333,59.291666666666664,0.4154166666666667,12.25,1.1708333333333334,65.29166666666667,38.541666666666664
2023-08-06,32.72083333333333,21.587500000000002,236.625,14.299999999999999,9.270833333333334,61.291666666666664,0.4991666666666667,7.291666666666667,0.5708333333333333,65.54166666666667,39.083333333333336
2023-08-07,25.079166666666666,17.641666666666666,324.5833333333333,17.5,15.320833333333333,69.83333333333333,0.42291666666666666,0.7083333333333334,1.0583333333333333,66.70833333333333,45.083333333333336
2023-08-08,44.95416666666667,31.03333333333333,376.1666666666667,20.037499999999998,23.566666666666666,62.041666666666664,0.6116666666666667,4.791666666666667,0.975,74.0,50.416666666666664
2023-08-09,50.7125,33.0,293.375,16.720833333333335,11.304166666666667,78.375,0.7637499999999999,12.791666666666666,1.4083333333333332,92.625,65.75
2023-08-10,73.40416666666667,47.99583333333334,363.25,21.8625,13.966666666666667,67.29166666666667,1.1520833333333333,16.5,0.9874999999999999,115.45833333333333,73.29166666666667
2023-08-11,68.56666666666666,41.44166666666667,284.125,16.420833333333334,8.491666666666667,61.916666666666664,1.0520833333333333,27.75,0.6958333333333333,119.91666666666667,74.70833333333333
2023-08-12,84.14166666666667,49.93333333333334,296.6666666666667,15.583333333333334,8.604166666666666,71.875,1.2533333333333332,38.5,1.1333333333333333,123.04166666666667,75.79166666666667
2023-08-13,47.36666666666667,32.67916666666667,348.25,20.8625,11.908333333333333,71.375,0.8033333333333333,7.791666666666667,0.9458333333333333,120.45833333333333,74.875
2023-08-14,48.23333333333333,34.270833333333336,364.625,22.087500000000002,11.316666666666668,71.45833333333333,0.7225,3.0416666666666665,1.2541666666666667,93.875,66.16666666666667
2023-08-15,58.15416666666667,39.958333333333336,346.6666666666667,19.458333333333332,11.75,79.08333333333333,0.9045833333333334,6.791666666666667,1.4749999999999999,105.16666666666667,69.875
2023-08-16,55.666666666666664,37.5375,287.75,18.695833333333333,10.270833333333334,72.125,1.0345833333333334,7.708333333333333,1.1854166666666666,103.41666666666667,69.41666666666667
2023-08-17,45.73333333333333,31.395833333333332,309.4583333333333,20.358333333333334,11.954166666666666,75.125,0.7016666666666667,3.875,1.8708333333333333,108.16666666666667,70.45833333333333
2023-08-18,16.1875,11.145833333333334,206.125,11.333333333333334,6.329166666666667,64.0,0.18708333333333335,0.625,2.464583333333333,68.29166666666667,45.708333333333336
2023-08-19,18.791666666666668,12.674999999999999,201.5,11.154166666666667,5.25,58.666666666666664,0.26666666666666666,1.5833333333333333,2.2062500000000003,45.375,26.5
2023-08-20,36.96666666666666,22.025000000000002,244.25,16.820833333333333,6.991666666666667,54.625,0.44,12.583333333333334,2.0124999999999997,60.083333333333336,35.416666666666664
2023-08-21,47.729166666666664,26.7625,245.375,17.25,7.016666666666667,51.125,0.4970833333333333,27.25,1.9625000000000001,78.125,58.25
2023-08-22,26.991666666666664,17.166666666666668,229.625,16.083333333333332,6.625,41.666666666666664,0.42250000000000004,6.25,0.75625,73.25,51.25
2023-08-23,20.7625,14.154166666666667,219.58333333333334,13.345833333333333,6.1875,51.333333333333336,0.41291666666666665,2.5416666666666665,1.175,56.75,31.208333333333332
2023-08-24,21.366666666666664,15.129166666666668,289.4166666666667,15.65,8.575000000000001,71.125,0.5033333333333333,0.0,0.9770833333333333,52.875,34.5
2023-08-25,22.170833333333334,15.720833333333333,287.4166666666667,15.6625,10.566666666666666,66.91666666666667,0.4808333333333334,0.0,0.9291666666666667,57.333333333333336,33.416666666666664
2023-08-26,34.84166666666667,24.233333333333334,336.2916666666667,19.504166666666666,15.833333333333334,56.208333333333336,0.5495833333333333,2.9166666666666665,0.7125,67.66666666666667,43.125
2023-08-27,66.4375,37.2125,330.75,16.820833333333333,14.704166666666666,85.875,0.9625,35.375,1.2083333333333333,87.95833333333333,63.583333333333336
2023-08-28,104.21249999999999,48.4,347.75,16.983333333333334,14.65,90.91666666666667,1.1891666666666667,91.20833333333333,1.4520833333333334,115.875,73.875
2023-08-29,165.14583333333334,73.75,545.7083333333334,41.358333333333334,16.875,93.54166666666667,1.1341666666666665,151.45833333333334,1.3541666666666667,148.08333333333334,90.04166666666667
2023-08-30,196.71666666666667,95.32916666666667,853.4166666666666,67.37083333333334,21.287499999999998,91.33333333333333,0.9054166666666666,143.04166666666666,1.6979166666666667,172.75,123.58333333333333
2023-08-31,113.22916666666667,66.70416666666667,519.0,32.55833333333333,11.1625,81.95833333333333,1.0733333333333335,46.291666666666664,1.6187500000000001,161.75,102.58333333333333
2023-09-01,94.28750000000001,58.541666666666664,354.75,17.474999999999998,11.608333333333334,98.5,1.4854166666666666,28.875,1.1708333333333334,153.70833333333334,87.625
2023-09-02,110.36666666666667,68.36666666666666,419.0,22.6125,14.725,101.625,1.5783333333333334,28.416666666666668,1.0895833333333333,154.0,87.375
2023-09-03,46.64166666666667,32.3125,354.7083333333333,20.5,10.570833333333333,76.70833333333333,0.8620833333333334,5.125,1.1666666666666667,146.58333333333334,89.25
2023-09-04,36.4625,25.645833333333332,450.25,34.63333333333333,10.245833333333334,54.25,0.24208333333333334,0.5416666666666666,1.3687500000000001,66.95833333333333,45.833333333333336
2023-09-05,64.99166666666666,45.225,615.2916666666666,41.49583333333333,19.0125,106.29166666666667,0.5766666666666667,0.0,1.8062500000000001,135.16666666666666,75.08333333333333
2023-09-06,19.837500000000002,13.833333333333334,274.5,16.6875,7.433333333333334,60.875,0.26208333333333333,0.0,1.75,80.75,52.958333333333336
2023-09-07,12.504166666666668,8.608333333333333,207.04166666666666,12.129166666666668,6.620833333333334,59.75,0.19083333333333333,0.0,1.425,45.583333333333336,26.916666666666668
2023-09-08,14.166666666666666,9.695833333333333,218.41666666666666,12.025,5.791666666666667,64.45833333333333,0.3204166666666667,0.4583333333333333,0.725,34.208333333333336,26.166666666666668
2023-09-09,33.125,20.904166666666665,264.875,18.658333333333335,7.1625000000000005,52.875,0.5083333333333333,5.083333333333333,1.6791666666666665,54.25,31.916666666666668
2023-09-10,39.65833333333333,24.820833333333336,327.5833333333333,24.400000000000002,9.6,55.333333333333336,0.4495833333333333,7.75,2.06875,73.25,52.25
2023-09-11,36.108333333333334,24.0,311.375,22.22083333333333,10.291666666666666,57.416666666666664,0.6066666666666667,3.0,1.6312499999999999,77.5,59.375
2023-09-12,22.72083333333333,15.762500000000001,246.70833333333334,16.641666666666666,7.95,62.541666666666664,0.4091666666666667,0.7083333333333334,1.1708333333333334,69.20833333333333,47.375
2023-09-13,13.804166666666667,9.379166666666666,209.70833333333334,12.137500000000001,6.604166666666667,60.625,0.20625000000000002,0.0,1.6354166666666667,50.25,30.333333333333332
2023-09-14,15.166666666666666,9.879166666666666,192.875,9.2125,5.279166666666667,64.08333333333333,0.25,0.9583333333333334,1.3895833333333334,37.416666666666664,25.916666666666668
2023-09-15,18.7625,12.270833333333334,209.83333333333334,12.575000000000001,5.4624999999999995,57.708333333333336,0.28291666666666665,1.2916666666666667,2.004166666666667,48.541666666666664,26.666666666666668
2023-09-16,37.025,24.1375,386.0,26.47083333333333,7.958333333333333,59.958333333333336,0.33916666666666667,2.2083333333333335,2.0875,57.541666666666664,38.083333333333336
2023-09-17,56.729166666666664,37.82083333333333,416.9583333333333,25.025000000000002,15.325000000000001,105.70833333333333,0.6191666666666666,2.0833333333333335,1.8833333333333335,115.20833333333333,67.625
2023-09-18,31.895833333333332,22.150000000000002,311.3333333333333,18.316666666666666,11.041666666666666,71.91666666666667,0.42625,0.20833333333333334,1.3125,101.04166666666667,68.33333333333333
2023-09-19,15.295833333333334,10.454166666666667,220.08333333333334,13.629166666666668,7.233333333333333,52.291666666666664,0.18500000000000003,0.0,1.1270833333333334,53.25,29.625
2023-09-20,11.479166666666666,7.808333333333334,201.16666666666666,10.820833333333333,5.908333333333334,54.5,0.22541666666666668,0.0,1.24375,37.958333333333336,24.666666666666668
2023-09-21,13.208333333333334,8.575000000000001,193.04166666666666,10.275,4.6375,54.708333333333336,0.3275,0.5833333333333334,1.0520833333333333,32.708333333333336,22.0
2023-09-22,18.445833333333333,11.799999999999999,193.79166666666666,12.3125,5.029166666666667,45.166666666666664,0.35333333333333333,1.5833333333333333,0.74375,42.75,21.666666666666668
2023-09-23,20.3875,13.3375,228.625,16.075,6.445833333333333,41.958333333333336,0.315,1.2083333333333333,1.33125,48.916666666666664,25.625
2023-09-24,21.974999999999998,14.254166666666668,229.5,15.016666666666666,6.0249999999999995,40.5,0.31625,1.375,1.5645833333333332,54.958333333333336,29.166666666666668
2023-09-25,23.425,15.691666666666668,259.625,17.974999999999998,7.116666666666667,42.708333333333336,0.40375,0.7083333333333334,1.3687500000000001,55.833333333333336,31.291666666666668
2023-09-26,45.64166666666667,31.212500000000002,442.6666666666667,38.762499999999996,15.725,59.166666666666664,0.35625,0.875,1.9791666666666667,69.875,47.625
2023-09-27,64.69583333333334,44.4625,552.625,42.925000000000004,16.6125,85.45833333333333,0.5429166666666666,1.0,1.5958333333333332,108.04166666666667,69.125
2023-09-28,80.21666666666667,55.574999999999996,736.2083333333334,52.262499999999996,13.9125,82.91666666666667,0.4575,0.7083333333333334,1.7979166666666666,149.16666666666666,86.83333333333333
2023-09-29,54.42916666666667,38.0,540.7916666666666,31.0,12.450000000000001,66.54166666666667,0.45625,0.0,0.9562499999999999,123.66666666666667,75.95833333333333
2023-09-30,16.716666666666665,11.554166666666667,237.83333333333334,13.708333333333334,7.283333333333334,49.875,0.18583333333333332,0.0,1.5062499999999999,77.375,51.458333333333336
2023-10-01,11.666666666666666,7.8125,196.33333333333334,10.75,5.570833333333333,56.458333333333336,0.27999999999999997,0.0,1.5791666666666666,36.333333333333336,24.625
2023-10-02,15.112499999999999,10.216666666666667,222.875,12.512500000000001,6.141666666666667,62.458333333333336,0.3625,0.0,1.2833333333333334,38.0,25.541666666666668
2023-10-03,11.879166666666668,8.025,197.875,11.329166666666666,5.341666666666666,56.625,0.23583333333333334,0.0,0.8916666666666666,37.75,23.5
2023-10-04,13.291666666666666,8.779166666666667,196.375,10.575000000000001,4.879166666666666,52.083333333333336,0.3804166666666667,0.2916666666666667,0.6854166666666667,36.75,21.0
2023-10-05,16.958333333333332,11.4125,217.33333333333334,10.0,4.6375,61.708333333333336,0.5016666666666666,0.375,0.7479166666666667,41.166666666666664,25.583333333333332
2023-10-06,33.979166666666664,22.954166666666666,304.3333333333333,13.616666666666667,6.470833333333334,77.25,0.6720833333333333,0.6666666666666666,0.71875,56.458333333333336,37.0
2023-10-07,39.454166666666666,26.995833333333334,392.75,22.916666666666668,7.995833333333334,80.08333333333333,0.67875,0.7083333333333334,0.61875,76.83333333333333,57.875
2023-10-08,48.65,33.545833333333334,435.3333333333333,21.220833333333335,11.016666666666666,94.91666666666667,0.665,0.375,1.0999999999999999,95.5,65.20833333333333
2023-10-09,53.65,36.75833333333333,441.875,26.945833333333336,8.591666666666667,71.75,0.8095833333333333,0.75,0.7541666666666668,97.54166666666667,67.54166666666667
2023-10-10,116.72083333333335,73.07916666666667,651.9166666666666,36.458333333333336,16.287499999999998,104.04166666666667,1.1325,13.958333333333334,1.1416666666666666,134.20833333333334,78.375
2023-10-11,166.92499999999998,98.69583333333333,812.9166666666666,44.42916666666667,23.991666666666664,115.41666666666667,1.305,36.25,1.01875,176.20833333333334,114.375
2023-10-12,140.14166666666668,82.82083333333334,742.7916666666666,44.37916666666666,17.758333333333333,94.08333333333333,1.0529166666666667,36.5,1.0770833333333334,170.54166666666666,114.79166666666667
2023-10-13,85.625,52.65,547.4166666666666,30.629166666666666,12.045833333333334,87.58333333333333,0.625,15.0,1.5333333333333332,152.79166666666666,90.25
2023-10-14,109.87916666666666,68.21249999999999,707.7916666666666,42.73333333333333,15.262500000000001,85.54166666666667,0.6337499999999999,14.916666666666666,1.34375,153.375,90.125
2023-10-15,127.20416666666667,76.57083333333334,688.5,37.0375,20.154166666666665,107.625,0.6895833333333333,15.5,1.3416666666666668,160.25,97.29166666666667
2023-10-16,151.53333333333333,91.91666666666667,769.2916666666666,42.4625,26.008333333333336,115.79166666666667,0.8033333333333333,12.791666666666666,1.2375,171.0,108.25
2023-10-17,144.42083333333332,90.90833333333335,887.9166666666666,53.31666666666666,21.895833333333332,110.04166666666667,0.6875,10.25,1.2750000000000001,176.45833333333334,115.95833333333333
2023-10-18,118.45833333333333,77.13333333333334,898.7916666666666,56.21666666666667,13.454166666666666,89.54166666666667,0.7000000000000001,7.958333333333333,1.2333333333333334,165.75,106.83333333333333
2023-10-19,94.72916666666667,63.15833333333333,813.25,49.916666666666664,10.966666666666667,79.41666666666667,0.55625,5.666666666666667,1.3291666666666666,158.29166666666666,96.95833333333333
2023-10-20,78.1875,50.93333333333334,621.2083333333334,32.016666666666666,11.137500000000001,92.33333333333333,0.43,9.958333333333334,1.48125,147.29166666666666,84.04166666666667
2023-10-21,84.52083333333333,55.11666666666667,689.2083333333334,41.47083333333333,12.637500000000001,87.83333333333333,0.405,10.5,1.5208333333333333,136.45833333333334,79.29166666666667
2023-10-22,84.37083333333334,56.583333333333336,699.4166666666666,41.65833333333333,14.883333333333333,98.20833333333333,0.40375,5.083333333333333,1.5729166666666667,154.5,85.70833333333333
2023-10-23,81.65416666666667,55.916666666666664,630.5416666666666,33.829166666666666,18.208333333333332,94.33333333333333,0.4566666666666667,1.9166666666666667,1.3270833333333332,157.79166666666666,88.75
2023-10-24,35.637499999999996,24.925,475.2083333333333,32.80833333333333,14.420833333333334,41.25,0.16333333333333333,0.0,1.0416666666666667,113.125,72.33333333333333
2023-10-25,57.37083333333334,39.80833333333333,609.9583333333334,38.104166666666664,13.362499999999999,79.70833333333333,0.42416666666666664,0.0,1.1958333333333333,90.70833333333333,59.666666666666664
2023-10-26,68.47500000000001,47.75833333333333,740.9583333333334,45.1625,12.391666666666666,80.5,0.5154166666666666,0.25,1.3187499999999999,128.83333333333334,76.95833333333333
2023-10-27,86.80416666666667,60.0875,807.6666666666666,50.37916666666666,17.795833333333334,76.66666666666667,0.6241666666666666,0.6666666666666666,1.14375,148.125,86.58333333333333
2023-10-28,82.25833333333334,54.3125,592.5,33.8125,11.695833333333333,79.125,0.7233333333333333,3.75,1.2,144.83333333333334,83.0
2023-10-29,85.28750000000001,57.199999999999996,687.25,43.50416666666666,11.166666666666666,75.58333333333333,0.5908333333333333,3.6666666666666665,1.26875,146.91666666666666,83.5
2023-10-30,91.32916666666667,62.425000000000004,811.5833333333334,54.70416666666667,17.395833333333332,86.875,0.48666666666666664,1.8333333333333333,1.3583333333333334,152.0,84.70833333333333
2023-10-31,105.15416666666665,72.14999999999999,869.2916666666666,56.824999999999996,20.241666666666667,91.70833333333333,0.3466666666666667,1.7083333333333333,1.414583333333333,161.25,99.95833333333333
2023-11-01,68.54166666666667,47.333333333333336,585.5,31.891666666666666,12.970833333333333,92.125,0.29083333333333333,0.7083333333333334,1.4145833333333335,150.375,87.375
2023-11-02,69.07083333333334,48.083333333333336,695.2083333333334,38.61666666666667,15.033333333333333,79.83333333333333,0.41125000000000006,0.125,1.3020833333333333,118.83333333333333,73.625
2023-11-03,101.17916666666667,70.19166666666666,935.7916666666666,55.40416666666667,14.570833333333333,64.875,0.7470833333333333,0.5416666666666666,1.0395833333333333,152.58333333333334,90.45833333333333
2023-11-04,125.86666666666667,86.70416666666667,951.0416666666666,57.28333333333333,16.958333333333332,76.91666666666667,1.1879166666666667,1.125,0.8624999999999999,160.66666666666666,100.70833333333333
2023-11-05,120.83333333333333,82.68333333333334,661.75,33.3125,17.087500000000002,87.375,1.2583333333333333,1.125,0.86875,168.125,112.04166666666667
2023-11-06,84.8875,55.25,556.7083333333334,26.5625,8.970833333333333,79.125,0.5595833333333333,5.291666666666667,1.21875,155.54166666666666,93.0
2023-11-07,68.75416666666666,46.62083333333334,663.1666666666666,37.079166666666666,7.9875,68.25,0.4495833333333333,1.2916666666666667,1.2520833333333334,136.04166666666666,79.91666666666667
2023-11-08,82.23333333333333,55.32083333333333,731.3333333333334,42.34583333333333,8.583333333333334,62.458333333333336,0.6687500000000001,2.0,0.9833333333333334,138.25,80.625
2023-11-09,103.7625,70.34166666666667,909.8333333333334,56.69166666666666,14.174999999999999,65.75,0.65125,2.4166666666666665,1.1333333333333333,154.08333333333334,90.54166666666667
2023-11-10,104.14166666666667,69.10000000000001,843.0,47.645833333333336,12.075000000000001,74.54166666666667,0.6033333333333334,3.5,1.1083333333333334,158.58333333333334,97.54166666666667
2023-11-11,65.87083333333334,45.13333333333333,698.5833333333334,40.43333333333333,9.945833333333333,72.08333333333333,0.3725,1.25,1.3020833333333333,142.79166666666666,84.25
2023-11-12,61.525,42.520833333333336,658.25,42.79583333333333,11.454166666666666,68.91666666666667,0.36166666666666664,1.4583333333333333,1.2729166666666667,117.83333333333333,74.04166666666667
2023-11-13,66.91250000000001,46.42916666666667,741.0833333333334,51.525,15.1625,71.125,0.27166666666666667,0.4166666666666667,1.325,119.375,74.41666666666667
2023-11-14,76.61666666666666,53.27916666666667,824.75,57.895833333333336,16.55,82.33333333333333,0.27458333333333335,0.4166666666666667,1.2874999999999999,138.79166666666666,80.54166666666667
2023-11-15,71.8,49.93333333333334,701.875,46.479166666666664,17.266666666666666,83.75,0.35916666666666663,0.25,1.2437500000000001,138.83333333333334,80.875
2023-11-16,43.625,30.25,467.7916666666667,31.15833333333333,15.566666666666668,40.208333333333336,0.3545833333333333,0.0,0.7000000000000001,123.33333333333333,75.875
2023-11-17,19.004166666666666,13.279166666666667,272.9583333333333,18.45,10.604166666666666,33.208333333333336,0.12625,0.0,0.21041666666666667,69.45833333333333,45.541666666666664
2023-11-18,33.800000000000004,23.6375,461.9166666666667,31.883333333333336,13.341666666666667,50.625,0.16333333333333333,0.0,0.9083333333333333,54.041666666666664,33.833333333333336
2023-11-19,54.762499999999996,38.075,630.0416666666666,46.958333333333336,16.104166666666668,49.583333333333336,0.29583333333333334,0.0,1.0104166666666667,89.79166666666667,64.41666666666667
2023-11-20,69.34583333333333,48.15416666666667,744.4166666666666,52.15833333333333,13.450000000000001,48.666666666666664,0.35833333333333334,0.0,1.0791666666666666,124.5,76.20833333333333
2023-11-21,70.5125,49.041666666666664,794.875,46.74583333333334,8.991666666666667,51.708333333333336,0.39125000000000004,0.3333333333333333,0.96875,131.58333333333334,78.5
2023-11-22,138.29999999999998,92.175,956.8333333333334,46.09166666666667,13.795833333333334,69.25,0.9616666666666668,1.25,0.7583333333333333,154.625,94.625
2023-11-23,141.63750000000002,95.14999999999999,937.8333333333334,46.112500000000004,14.854166666666666,81.875,0.785,1.25,0.8666666666666667,171.45833333333334,117.08333333333333
2023-11-24,127.91250000000001,88.40416666666665,1140.4583333333333,67.52916666666667,18.2375,63.041666666666664,0.5554166666666667,0.75,0.9666666666666667,170.08333333333334,114.875
2023-11-25,111.8,77.86666666666666,950.0416666666666,65.325,27.079166666666666,70.04166666666667,0.37166666666666665,0.2916666666666667,1.0875000000000001,167.41666666666666,110.95833333333333
2023-11-26,67.12083333333334,46.90833333333333,765.5833333333334,54.80833333333334,17.3875,61.0,0.17916666666666667,0.16666666666666666,1.2145833333333333,138.0,83.375
2023-11-27,68.3,47.725,838.0833333333334,59.020833333333336,17.379166666666666,52.083333333333336,0.20125,0.20833333333333334,1.1520833333333333,128.16666666666666,77.45833333333333
2023-11-28,98.64583333333333,68.8625,1005.4583333333334,69.64166666666667,27.041666666666668,53.208333333333336,0.5041666666666667,0.4166666666666667,1.0125,147.08333333333334,85.58333333333333
2023-11-29,108.46666666666665,75.73333333333333,1092.9583333333333,72.19166666666666,29.458333333333332,49.583333333333336,0.53,0.25,0.9104166666666668,161.08333333333334,101.375
2023-11-30,87.54166666666667,61.14166666666667,949.4583333333334,62.6625,21.829166666666666,57.625,0.36916666666666664,0.0,1.11875,158.125,96.79166666666667
2023-12-01,60.03333333333333,41.96666666666667,700.2083333333334,45.75833333333333,14.737499999999999,59.5,0.2604166666666667,0.0,1.0270833333333333,134.70833333333334,79.83333333333333
2023-12-02,45.9,32.09166666666667,594.3333333333334,37.11666666666667,13.391666666666666,60.875,0.2325,0.0,1.04375,95.04166666666667,66.375
2023-12-03,54.449999999999996,38.05833333333333,645.2083333333334,38.708333333333336,15.137500000000001,69.08333333333333,0.23333333333333336,0.0,1.0604166666666666,100.08333333333333,68.33333333333333
2023-12-04,62.07916666666667,43.15833333333333,680.125,40.02916666666667,15.166666666666666,49.708333333333336,0.3070833333333333,0.0,0.5291666666666667,111.91666666666667,72.20833333333333
2023-12-05,65.25416666666666,45.2875,774.0,45.675000000000004,15.058333333333332,22.416666666666668,0.32666666666666666,0.125,0.18333333333333335,130.25,78.08333333333333
2023-12-06,57.17083333333333,39.84166666666667,670.9583333333334,33.108333333333334,18.266666666666666,33.791666666666664,0.33416666666666667,0.0,0.28750000000000003,115.375,73.20833333333333
2023-12-07,39.92916666666667,27.929166666666664,446.2083333333333,26.4375,14.275,34.5,0.26625,0.0,0.1625,99.625,68.08333333333333
2023-12-08,41.125,28.754166666666666,499.7083333333333,24.625,11.737499999999999,31.708333333333332,0.3804166666666667,0.0,0.5145833333333333,86.16666666666667,63.25
2023-12-09,49.0375,34.137499999999996,455.8333333333333,19.575,7.779166666666666,52.0,0.4795833333333333,0.125,0.7458333333333332,84.45833333333333,62.458333333333336
2023-12-10,101.86666666666667,70.09166666666667,634.3333333333334,28.754166666666666,15.929166666666667,70.83333333333333,0.78125,0.5416666666666666,0.7875,134.33333333333334,81.0
2023-12-11,113.925,77.95,770.5416666666666,34.300000000000004,14.004166666666668,64.91666666666667,0.78625,1.0833333333333333,0.7979166666666666,162.25,103.0
2023-12-12,86.75416666666666,60.375,800.5833333333334,35.68333333333333,12.270833333333334,57.958333333333336,0.5420833333333334,0.5416666666666666,0.8562500000000001,154.625,91.45833333333333
2023-12-13,102.625,68.72500000000001,897.9166666666666,42.80833333333334,16.4875,58.5,0.7666666666666667,0.75,0.7354166666666666,157.45833333333334,95.58333333333333
2023-12-14,117.27916666666665,69.75833333333334,896.2083333333334,45.125,18.525000000000002,68.79166666666667,0.5495833333333334,1.0,0.8395833333333335,155.58333333333334,92.875
2023-12-15,113.04583333333333,64.82083333333334,797.2083333333334,32.09166666666667,15.629166666666668,71.875,0.595,1.0833333333333333,0.8604166666666667,156.04166666666666,93.58333333333333
2023-12-16,75.79166666666667,52.73333333333333,731.9166666666666,34.75,10.0,59.708333333333336,0.4608333333333334,0.0,0.9479166666666666,149.54166666666666,86.20833333333333
2023-12-17,99.97916666666667,69.075,844.625,41.141666666666666,12.716666666666667,63.166666666666664,0.5058333333333334,0.9166666666666666,0.8895833333333334,152.375,89.33333333333333
2023-12-18,95.52083333333333,66.46666666666667,966.9583333333334,47.98333333333333,13.041666666666666,56.666666666666664,0.45333333333333337,0.20833333333333334,0.9874999999999999,155.83333333333334,93.20833333333333
2023-12-19,89.12083333333334,62.020833333333336,923.0,47.520833333333336,13.591666666666667,55.0,0.4683333333333333,0.0,1.0125,156.54166666666666,94.16666666666667
2023-12-20,70.46666666666667,49.137499999999996,709.9583333333334,39.06666666666667,14.445833333333333,51.625,0.34625,0.0,1.0791666666666668,147.33333333333334,84.33333333333333
2023-12-21,72.17083333333333,50.22083333333333,764.0833333333334,44.00833333333333,15.7125,54.083333333333336,0.3870833333333334,0.0,0.9604166666666667,125.58333333333333,76.58333333333333
2023-12-22,71.85416666666667,49.57916666666667,718.875,43.29583333333333,14.254166666666668,45.75,0.4804166666666667,0.125,0.9520833333333333,140.0,81.25
2023-12-23,63.770833333333336,43.916666666666664,647.8333333333334,41.079166666666666,15.883333333333333,37.25,0.4808333333333334,0.0,0.8291666666666666,134.75,79.54166666666667
2023-12-24,91.92916666666667,63.1875,839.375,50.5375,18.416666666666668,46.041666666666664,0.6516666666666667,0.375,0.8312499999999999,129.625,78.08333333333333
2023-12-25,141.61666666666665,97.50833333333333,1046.7916666666667,62.93333333333334,24.025000000000002,51.458333333333336,1.0070833333333333,0.75,0.6937500000000001,164.08333333333334,105.83333333333333
2023-12-26,164.61666666666665,113.24583333333334,1153.25,67.33749999999999,31.079166666666666,45.5,1.05,1.0,0.71875,179.41666666666666,129.08333333333334
2023-12-27,134.16666666666666,92.33749999999999,1004.5,59.44583333333333,22.125,46.333333333333336,0.8954166666666667,0.9583333333333334,0.8145833333333333,172.79166666666666,119.04166666666667
2023-12-28,120.875,83.2375,913.0833333333334,54.70416666666667,22.95,54.208333333333336,0.8583333333333334,0.5833333333333334,0.7479166666666667,167.45833333333334,111.0
2023-12-29,88.00833333333333,60.99583333333334,878.3333333333334,51.52916666666667,18.099999999999998,55.083333333333336,0.5295833333333333,0.2916666666666667,0.9145833333333333,159.16666666666666,98.375
2023-12-30,73.37083333333334,51.07916666666667,862.7083333333334,50.21666666666667,12.995833333333332,51.791666666666664,0.3870833333333334,0.2916666666666667,0.9333333333333332,151.33333333333334,87.16666666666667
2023-12-31,54.62083333333334,38.079166666666666,641.4583333333334,31.770833333333332,9.354166666666666,57.5,0.37000000000000005,0.20833333333333334,0.9520833333333334,114.16666666666667,72.875
2024-01-01,63.57083333333333,44.28333333333333,655.4166666666666,30.954166666666666,8.954166666666667,61.375,0.47291666666666665,0.3333333333333333,0.9833333333333334,111.125,72.04166666666667
2024-01-02,74.175,51.57083333333333,699.5416666666666,32.199999999999996,11.358333333333334,70.54166666666667,0.6279166666666667,0.4583333333333333,0.8666666666666667,130.66666666666666,78.20833333333333
2024-01-03,95.2375,66.05416666666666,876.5,42.4375,15.399999999999999,64.91666666666667,0.4779166666666667,1.375,0.9645833333333332,148.70833333333334,84.83333333333333
2024-01-04,105.98333333333333,73.66666666666667,1084.75,57.40416666666667,11.870833333333332,50.5,0.6566666666666666,1.4583333333333333,0.8520833333333333,160.54166666666666,100.41666666666667
2024-01-05,97.17916666666666,66.96666666666667,1008.9583333333334,51.041666666666664,12.612499999999999,46.833333333333336,0.52375,3.125,0.9625,156.41666666666666,94.29166666666667
2024-01-06,82.70833333333333,56.42916666666667,780.2916666666666,40.44583333333333,11.183333333333332,50.458333333333336,0.7108333333333333,4.25,0.8291666666666666,154.91666666666666,91.79166666666667
2024-01-07,70.11666666666666,47.67083333333333,654.5416666666666,30.066666666666666,10.549999999999999,56.291666666666664,0.6679166666666667,2.5416666666666665,0.8937499999999999,133.0,78.91666666666667
2024-01-08,109.75416666666666,73.27916666666667,660.4166666666666,21.933333333333334,9.341666666666667,71.25,0.6720833333333333,2.9583333333333335,0.9458333333333333,147.33333333333334,86.54166666666667
2024-01-09,132.95833333333334,89.72916666666667,726.7083333333334,26.099999999999998,9.929166666666667,66.45833333333333,0.7591666666666667,3.375,0.8583333333333334,166.83333333333334,110.16666666666667
2024-01-10,114.07916666666667,76.99166666666666,774.0,33.1875,13.4625,67.91666666666667,0.6699999999999999,3.3333333333333335,0.9249999999999999,162.83333333333334,103.91666666666667
2024-01-11,105.88333333333333,71.72083333333333,769.2916666666666,30.67916666666667,12.045833333333334,68.45833333333333,0.6808333333333333,1.7083333333333333,0.9291666666666667,161.0,101.16666666666667
2024-01-12,96.52083333333333,65.97500000000001,688.875,24.52916666666667,10.708333333333334,73.33333333333333,0.63,1.0416666666666667,0.9145833333333333,157.20833333333334,95.33333333333333
2024-01-13,99.63333333333333,68.21249999999999,670.0833333333334,27.383333333333336,10.704166666666666,69.625,0.6075,1.2083333333333333,0.93125,155.08333333333334,91.625
2024-01-14,115.11666666666667,79.53750000000001,930.0833333333334,37.666666666666664,15.837499999999999,61.041666666666664,0.6929166666666666,1.0,0.8937499999999999,158.83333333333334,97.66666666666667
2024-01-15,112.07916666666667,77.16666666666667,920.5,52.550000000000004,17.466666666666665,49.958333333333336,0.7425,1.125,0.8875000000000001,164.70833333333334,106.91666666666667
2024-01-16,108.3875,74.14999999999999,831.75,43.1625,13.2125,55.125,0.88,1.25,0.6041666666666666,158.75,97.875
2024-01-17,133.85,90.3875,1002.3333333333334,60.80833333333334,28.354166666666668,42.291666666666664,0.6179166666666667,1.0,0.9541666666666666,163.83333333333334,105.58333333333333
2024-01-18,148.4625,99.65416666666665,886.625,53.85,30.28333333333333,50.208333333333336,1.3158333333333332,1.0,0.63125,170.95833333333334,116.16666666666667
2024-01-19,114.78750000000001,77.44166666666666,727.5833333333334,32.050000000000004,14.725,64.16666666666667,0.96125,1.125,0.81875,170.54166666666666,115.58333333333333
2024-01-20,100.53333333333335,66.87916666666666,708.0,24.991666666666664,9.216666666666667,67.16666666666667,0.5920833333333334,4.375,1.05625,155.125,92.16666666666667
2024-01-21,130.96666666666667,84.62916666666666,797.5,34.637499999999996,18.808333333333334,69.33333333333333,0.7787499999999999,7.25,0.9104166666666668,160.58333333333334,100.45833333333333
2024-01-22,132.62916666666666,86.21249999999999,738.9166666666666,31.47083333333333,13.145833333333334,64.83333333333333,0.63,8.375,1.0541666666666667,166.45833333333334,109.5
2024-01-23,136.70000000000002,90.53750000000001,895.0,38.925000000000004,10.9375,62.875,0.7833333333333333,8.291666666666666,0.9812500000000001,166.375,109.41666666666667
2024-01-24,136.6625,90.63333333333333,911.0,42.637499999999996,16.216666666666665,63.375,0.7870833333333334,7.375,0.7645833333333334,171.45833333333334,116.95833333333333
2024-01-25,139.9375,92.71249999999999,801.7916666666666,33.887499999999996,17.616666666666667,72.0,1.26375,5.875,0.7312500000000001,165.04166666666666,107.29166666666667
2024-01-26,110.41250000000001,72.925,704.375,23.679166666666664,12.295833333333334,75.95833333333333,1.1279166666666667,3.6666666666666665,0.7291666666666666,169.29166666666666,113.70833333333333
2024-01-27,96.17083333333333,64.40833333333333,727.5416666666666,23.46666666666667,10.1625,74.29166666666667,0.54,4.375,0.9291666666666667,153.41666666666666,89.625
2024-01-28,91.47916666666667,61.025,746.2916666666666,26.6875,9.979166666666666,71.04166666666667,0.4695833333333333,4.25,0.9812500000000001,154.29166666666666,90.91666666666667
2024-01-29,119.92083333333333,77.89999999999999,948.8333333333334,40.6,13.658333333333333,70.0,0.5395833333333333,11.375,0.9916666666666667,155.33333333333334,92.54166666666667
2024-01-30,179.45000000000002,111.92083333333333,1342.5,67.2375,29.295833333333334,73.08333333333333,1.1554166666666668,20.541666666666668,0.8187500000000001,172.04166666666666,117.83333333333333
2024-01-31,170.15833333333333,105.04166666666667,920.5416666666666,42.020833333333336,23.72083333333333,75.33333333333333,1.68625,12.625,0.6604166666666667,181.625,132.5
2024-02-01,143.475,91.35416666666667,716.625,33.42916666666667,18.179166666666667,66.54166666666667,1.5562500000000001,7.75,0.7395833333333334,168.125,111.75
2024-02-02,117.47083333333335,77.65833333333333,726.875,34.0625,12.254166666666668,57.333333333333336,1.3670833333333334,3.625,0.7208333333333333,168.375,112.20833333333333
2024-02-03,128.44583333333333,82.32083333333334,871.5416666666666,40.854166666666664,12.625,55.75,0.6320833333333333,16.458333333333332,1.1895833333333334,164.04166666666666,105.79166666666667
2024-02-04,111.97083333333335,69.77916666666667,929.7916666666666,42.266666666666666,15.091666666666667,61.5,0.39083333333333337,22.041666666666668,1.33125,160.41666666666666,100.16666666666667
2024-02-05,120.57916666666667,73.2375,877.1666666666666,48.354166666666664,20.820833333333333,71.5,0.4816666666666667,28.875,1.2458333333333333,156.29166666666666,94.08333333333333
2024-02-06,132.96666666666667,76.15416666666667,720.2083333333334,39.520833333333336,20.395833333333332,58.541666666666664,1.2754166666666666,43.291666666666664,0.8520833333333333,156.70833333333334,94.625
2024-02-07,107.12083333333334,65.95416666666667,629.875,32.96666666666667,13.120833333333332,61.5,0.5470833333333334,29.375,1.460416666666667,164.83333333333334,107.125
2024-02-08,86.8,58.79583333333333,649.875,38.65,12.6875,69.70833333333333,0.33,6.0,1.3520833333333335,147.125,84.375
2024-02-09,91.47500000000001,61.05833333333334,663.125,35.291666666666664,13.033333333333333,74.375,0.3566666666666667,8.791666666666666,1.5125,154.375,91.04166666666667
2024-02-10,87.0625,59.7125,609.375,20.316666666666666,8.341666666666667,86.79166666666667,0.5845833333333333,3.7916666666666665,1.3604166666666666,148.33333333333334,84.70833333333333
2024-02-11,99.64583333333333,69.02916666666667,706.75,24.120833333333334,9.945833333333333,96.04166666666667,0.5841666666666666,1.9583333333333333,1.2479166666666666,155.125,92.125
2024-02-12,115.93333333333334,79.64999999999999,858.625,41.391666666666666,11.7125,93.45833333333333,0.6766666666666666,3.0416666666666665,1.1145833333333333,158.91666666666666,97.91666666666667
2024-02-13,118.39583333333333,78.33333333333333,800.625,36.141666666666666,17.525000000000002,96.125,0.6995833333333333,6.375,1.2,165.08333333333334,107.41666666666667
2024-02-14,144.58333333333334,92.74583333333334,843.9583333333334,42.641666666666666,23.787499999999998,85.54166666666667,0.995,6.291666666666667,0.9562499999999999,162.0,102.58333333333333
2024-02-15,145.65,92.33749999999999,820.8333333333334,39.71666666666667,17.566666666666666,76.66666666666667,1.16375,7.375,0.9708333333333333,171.83333333333334,117.45833333333333
2024-02-16,111.59166666666665,70.83333333333333,571.5,19.0,10.945833333333333,81.16666666666667,0.8470833333333333,10.416666666666666,1.1458333333333333,166.79166666666666,109.95833333333333
2024-02-17,88.25833333333333,59.07916666666667,621.4583333333334,26.129166666666666,11.8375,84.20833333333333,0.4466666666666667,5.0,1.3270833333333332,150.625,86.875
2024-02-18,120.45833333333333,81.175,888.875,56.47083333333333,18.591666666666665,73.5,0.5754166666666667,5.291666666666667,1.3,157.70833333333334,96.04166666666667
2024-02-19,136.26250000000002,89.74583333333334,789.375,42.137499999999996,21.6875,90.79166666666667,0.8566666666666666,4.416666666666667,1.2666666666666668,164.75,106.66666666666667
2024-02-20,100.7,65.16666666666667,543.5833333333334,20.925,9.970833333333333,65.91666666666667,1.0687499999999999,2.3333333333333335,0.9958333333333335,164.25,105.95833333333333
2024-02-21,65.41666666666667,43.074999999999996,455.8333333333333,19.54583333333333,13.112499999999999,81.54166666666667,0.7120833333333333,5.041666666666667,1.4875,137.58333333333334,81.0
2024-02-22,41.324999999999996,27.962500000000002,335.0833333333333,14.991666666666667,9.241666666666665,74.45833333333333,0.9808333333333333,0.75,1.075,100.16666666666667,68.16666666666667
2024-02-23,74.35000000000001,47.387499999999996,459.875,27.245833333333334,17.091666666666665,72.125,0.9645833333333332,11.958333333333334,1.2916666666666667,103.04166666666667,69.08333333333333
2024-02-24,90.70833333333333,56.17916666666667,462.9166666666667,24.1875,15.133333333333333,82.79166666666667,0.855,16.291666666666668,1.1770833333333333,138.16666666666666,80.70833333333333
2024-02-25,113.6375,70.32916666666667,458.625,25.879166666666666,12.116666666666667,80.58333333333333,1.0545833333333332,22.291666666666668,1.0979166666666667,154.625,91.16666666666667
2024-02-26,96.41250000000001,61.145833333333336,507.2916666666667,27.362499999999997,12.7875,83.375,0.5479166666666667,12.875,1.54375,157.58333333333334,95.95833333333333
2024-02-27,86.69166666666666,57.71666666666667,553.0,25.733333333333334,9.075000000000001,87.20833333333333,0.4483333333333333,8.958333333333334,1.4958333333333333,151.16666666666666,85.95833333333333
2024-02-28,144.85833333333332,94.91666666666667,862.2083333333334,45.05833333333334,20.141666666666666,99.04166666666667,1.01375,8.75,1.1812500000000001,161.83333333333334,96.91666666666667
2024-02-29,145.35,93.27083333333333,905.2916666666666,47.9375,23.47083333333333,90.625,0.62875,11.5,1.5,176.5,124.125
2024-03-01,100.075,61.40833333333333,713.9166666666666,39.93333333333333,15.591666666666667,79.58333333333333,0.37875,21.166666666666668,1.7770833333333333,159.875,99.29166666666667
2024-03-02,87.69583333333333,58.275,787.0,46.512499999999996,14.700000000000001,79.58333333333333,0.3925,8.833333333333334,1.8604166666666666,147.0,84.08333333333333
2024-03-03,108.3,70.35416666666667,809.625,41.266666666666666,16.720833333333335,95.54166666666667,0.6533333333333333,12.333333333333334,1.6395833333333334,159.41666666666666,95.875
2024-03-04,111.77083333333333,71.05,635.5,33.43333333333333,16.770833333333332,87.79166666666667,0.8579166666666667,13.75,1.3708333333333333,155.625,92.91666666666667
2024-03-05,102.53750000000001,65.4875,650.6666666666666,32.96666666666667,13.4625,80.66666666666667,0.5870833333333333,14.708333333333334,1.8354166666666665,158.25,96.79166666666667
2024-03-06,79.05833333333334,53.92083333333334,761.8333333333334,45.0875,14.266666666666666,77.66666666666667,0.2575,4.416666666666667,2.0229166666666667,153.16666666666666,89.41666666666667
2024-03-07,84.08333333333333,58.06666666666666,822.7083333333334,52.291666666666664,15.15,75.875,0.2916666666666667,3.5833333333333335,1.9270833333333333,144.5,82.625
2024-03-08,85.20833333333333,56.49166666666667,712.4166666666666,41.68333333333333,13.8375,89.875,0.27416666666666667,12.625,1.9354166666666668,152.875,88.08333333333333
2024-03-09,67.975,44.00416666666666,573.5,33.612500000000004,12.058333333333332,87.20833333333333,0.23416666666666666,14.041666666666666,2.035416666666667,136.25,79.95833333333333
2024-03-10,59.73333333333333,39.75416666666667,528.7916666666666,30.579166666666666,13.208333333333334,94.79166666666667,0.20333333333333334,7.083333333333333,2.06875,118.54166666666667,72.66666666666667
2024-03-11,62.99166666666667,43.15,566.625,27.0125,10.629166666666666,108.83333333333333,0.33083333333333337,3.2916666666666665,1.9354166666666668,120.29166666666667,71.625
2024-03-12,82.23333333333333,54.6625,660.7916666666666,31.554166666666664,14.516666666666666,98.91666666666667,0.5599999999999999,4.375,1.6166666666666665,137.20833333333334,79.125
2024-03-13,71.60833333333333,45.10833333333333,404.1666666666667,17.270833333333332,9.420833333333333,88.58333333333333,0.6995833333333333,9.041666666666666,1.6520833333333333,135.58333333333334,79.79166666666667
2024-03-14,79.75833333333334,49.737500000000004,394.2916666666667,17.116666666666667,10.341666666666667,81.125,1.0191666666666668,7.25,1.1541666666666666,129.66666666666666,77.91666666666667
2024-03-15,88.14583333333333,54.45416666666667,538.4583333333334,34.31666666666667,11.429166666666667,78.25,0.6004166666666667,17.333333333333332,1.6270833333333332,133.16666666666666,78.91666666666667
2024-03-16,104.69166666666666,65.47916666666667,575.7083333333334,33.05416666666667,12.058333333333332,83.58333333333333,0.6579166666666666,15.416666666666666,1.8104166666666668,153.5,89.95833333333333
2024-03-17,144.59166666666667,90.85833333333333,812.8333333333334,50.18333333333334,17.829166666666666,100.04166666666667,1.0333333333333334,13.833333333333334,1.3541666666666667,168.45833333333334,102.66666666666667
2024-03-18,146.0,92.875,989.7916666666666,59.34583333333333,21.004166666666666,93.70833333333333,1.1295833333333334,10.625,0.9729166666666668,169.41666666666666,112.29166666666667
2024-03-19,159.65,100.67083333333333,850.9166666666666,37.6,21.7,100.875,1.3954166666666667,10.875,0.7000000000000001,172.83333333333334,119.16666666666667
2024-03-20,116.24166666666667,75.74583333333334,517.8333333333334,20.2375,18.804166666666667,98.875,1.2233333333333334,8.0,0.93125,167.79166666666666,111.41666666666667
2024-03-21,77.35416666666667,51.53333333333333,439.125,21.358333333333334,14.225,85.20833333333333,0.6749999999999999,5.458333333333333,1.4208333333333334,155.5,93.41666666666667
2024-03-22,71.40416666666667,48.574999999999996,586.9583333333334,40.0,15.066666666666668,77.20833333333333,0.75375,2.4166666666666665,1.625,125.45833333333333,75.75
2024-03-23,69.79583333333333,45.92916666666667,532.9583333333334,28.07083333333333,11.9625,88.625,0.6925,6.25,1.6270833333333332,138.75,80.625
2024-03-24,49.925000000000004,31.97083333333333,326.0416666666667,14.516666666666666,9.733333333333333,86.54166666666667,0.7979166666666666,6.0,1.25,104.41666666666667,69.70833333333333
2024-03-25,60.29583333333333,37.925000000000004,366.2916666666667,18.9875,10.116666666666667,69.20833333333333,0.7670833333333333,8.625,1.34375,91.20833333333333,65.0
2024-03-26,93.45,60.012499999999996,510.7083333333333,29.058333333333334,16.008333333333333,88.95833333333333,0.7508333333333334,10.75,1.6624999999999999,136.625,80.45833333333333
2024-03-27,90.3,57.512499999999996,484.8333333333333,24.90416666666667,16.116666666666667,102.625,0.7654166666666667,7.958333333333333,1.6916666666666667,154.16666666666666,88.79166666666667
2024-03-28,91.71249999999999,59.28333333333333,435.6666666666667,21.929166666666664,16.8875,92.91666666666667,1.0804166666666666,11.416666666666666,1.2,151.33333333333334,86.33333333333333
2024-03-29,83.64166666666667,52.612500000000004,426.2916666666667,22.229166666666668,13.991666666666667,79.25,1.0658333333333334,14.166666666666666,1.3395833333333333,151.625,86.875
2024-03-30,55.34583333333333,34.90416666666667,404.8333333333333,25.375,10.666666666666666,66.45833333333333,0.8845833333333334,6.75,1.1833333333333333,105.45833333333333,70.16666666666667
2024-03-31,47.65416666666667,29.979166666666668,307.8333333333333,11.679166666666667,9.566666666666666,86.75,0.8016666666666666,4.583333333333333,1.5791666666666666,108.04166666666667,68.58333333333333
2024-04-01,63.90833333333333,39.324999999999996,388.875,14.5375,11.316666666666668,106.25,0.5320833333333334,11.583333333333334,2.0125,111.54166666666667,68.83333333333333
2024-04-02,48.604166666666664,29.90833333333333,319.625,12.320833333333333,9.554166666666667,89.70833333333333,0.5841666666666666,6.791666666666667,1.9791666666666667,108.125,68.375
2024-04-03,56.32083333333333,33.983333333333334,360.375,14.308333333333332,10.025,92.125,0.5241666666666667,11.541666666666666,2.1125,100.125,65.08333333333333
2024-04-04,60.10833333333333,35.77916666666667,306.0416666666667,11.1625,8.299999999999999,82.125,0.6708333333333334,8.041666666666666,2.0,103.0,68.45833333333333
2024-04-05,61.94583333333333,37.9375,303.5833333333333,13.183333333333332,7.2749999999999995,79.41666666666667,0.8916666666666666,4.875,1.5999999999999999,103.70833333333333,69.20833333333333
2024-04-06,59.15,36.62083333333333,319.3333333333333,13.416666666666666,8.2625,83.5,0.6470833333333333,6.833333333333333,2.095833333333333,105.29166666666667,69.08333333333333
2024-04-07,75.6375,45.9625,361.625,17.795833333333334,10.950000000000001,85.0,1.0266666666666666,8.458333333333334,1.3145833333333334,115.0,72.83333333333333
2024-04-08,124.3125,76.56666666666666,529.3333333333334,26.204166666666666,14.166666666666666,86.16666666666667,0.8937499999999999,13.875,0.8770833333333333,151.41666666666666,90.95833333333333
2024-04-09,106.5125,67.77083333333333,708.5833333333334,40.12083333333333,18.133333333333333,118.45833333333333,0.6749999999999999,15.125,1.6541666666666668,170.08333333333334,95.33333333333333
2024-04-10,129.77916666666667,82.1875,817.7916666666666,42.05833333333333,19.783333333333335,133.70833333333334,0.575,18.125,1.6541666666666668,176.375,103.83333333333333
2024-04-11,111.8625,70.79166666666667,644.9583333333334,29.662499999999998,20.420833333333334,126.41666666666667,0.8825,17.041666666666668,1.6020833333333335,171.125,99.70833333333333
2024-04-12,115.77083333333333,72.90416666666667,615.125,34.19166666666667,15.041666666666666,109.25,0.8229166666666666,13.708333333333334,1.8125,160.95833333333334,98.91666666666667
2024-04-13,118.87083333333334,76.77083333333333,730.0833333333334,35.40416666666667,17.925,135.70833333333334,0.9175,11.833333333333334,1.5833333333333333,177.875,99.16666666666667
2024-04-14,123.7375,79.95,805.5833333333334,40.63333333333333,17.679166666666667,130.125,0.9145833333333333,14.083333333333334,1.6187500000000001,176.58333333333334,101.79166666666667
2024-04-15,119.79166666666667,77.79166666666667,775.3333333333334,33.704166666666666,17.245833333333334,130.70833333333334,1.01625,10.0,1.5687499999999999,176.20833333333334,102.125
2024-04-16,102.28333333333335,65.85000000000001,631.25,26.608333333333334,15.075000000000001,104.33333333333333,0.8925000000000001,7.958333333333333,1.8833333333333335,162.04166666666666,101.83333333333333
2024-04-17,68.84583333333333,42.854166666666664,406.5,13.725,12.266666666666666,104.875,0.6725,9.25,1.8916666666666666,144.41666666666666,82.91666666666667
2024-04-18,53.6875,33.266666666666666,350.25,15.420833333333334,7.945833333333333,78.875,0.7362500000000001,7.416666666666667,1.7604166666666667,100.5,67.54166666666667
2024-04-19,64.00416666666666,33.795833333333334,339.4166666666667,12.0375,9.887500000000001,101.0,0.53875,35.916666666666664,1.9937500000000001,111.41666666666667,68.75
2024-04-20,53.37083333333334,27.829166666666666,293.5,12.370833333333332,7.8374999999999995,99.25,0.35833333333333334,28.791666666666668,2.379166666666667,97.91666666666667,65.33333333333333
2024-04-21,43.25,24.308333333333334,256.375,10.416666666666666,7.283333333333334,90.83333333333333,0.44166666666666665,14.791666666666666,2.2624999999999997,86.58333333333333,60.791666666666664
2024-04-22,57.6875,31.3125,312.0833333333333,15.395833333333334,7.233333333333333,98.625,0.48333333333333334,27.5,2.3041666666666667,93.66666666666667,62.791666666666664
2024-04-23,59.17083333333333,37.42916666666667,410.1666666666667,17.779166666666665,13.3125,107.0,0.5179166666666667,7.416666666666667,2.1145833333333335,115.33333333333333,69.25
2024-04-24,56.145833333333336,35.475,378.0,15.775,10.295833333333333,116.58333333333333,0.6016666666666667,4.375,2.03125,116.375,69.54166666666667
2024-04-25,52.25416666666666,32.53333333333333,360.25,13.883333333333333,9.866666666666667,105.91666666666667,0.5070833333333333,5.75,2.0749999999999997,111.91666666666667,68.25
2024-04-26,46.15,28.712500000000002,316.125,11.4,8.829166666666667,97.83333333333333,0.4566666666666667,5.666666666666667,2.1354166666666665,100.58333333333333,65.20833333333333
2024-04-27,47.05416666666667,28.254166666666666,294.6666666666667,12.145833333333334,8.295833333333333,95.20833333333333,0.5437500000000001,9.791666666666666,2.2104166666666667,97.625,64.66666666666667
2024-04-28,54.9625,31.28333333333333,296.4583333333333,12.325000000000001,8.9125,94.75,0.6866666666666666,20.458333333333332,1.925,93.91666666666667,63.541666666666664
2024-04-29,54.82083333333333,32.983333333333334,294.2083333333333,11.674999999999999,9.904166666666667,96.875,0.5504166666666667,12.791666666666666,2.2041666666666666,106.04166666666667,67.45833333333333
2024-04-30,53.425000000000004,33.61666666666667,292.4583333333333,10.116666666666667,10.870833333333332,100.54166666666667,0.6579166666666666,5.375,2.0833333333333335,106.0,67.54166666666667
2024-05-01,42.324999999999996,23.954166666666666,264.1666666666667,11.112499999999999,9.1,100.20833333333333,0.47333333333333333,14.625,2.15625,98.75,63.958333333333336
2024-05-02,38.7875,24.929166666666664,251.04166666666666,11.200000000000001,8.275,87.375,0.8129166666666667,1.75,1.5374999999999999,79.08333333333333,56.25
2024-05-03,34.016666666666666,20.5625,242.5,13.741666666666667,7.854166666666667,76.33333333333333,0.44375000000000003,6.833333333333333,1.96875,79.875,57.541666666666664
2024-05-04,44.949999999999996,26.03333333333333,265.4166666666667,13.15,7.854166666666667,93.79166666666667,0.5437500000000001,11.083333333333334,2.1041666666666665,89.79166666666667,54.791666666666664
2024-05-05,40.62916666666667,24.712500000000002,207.95833333333334,10.137500000000001,6.579166666666667,72.70833333333333,0.88,4.375,1.8583333333333334,79.625,60.541666666666664
2024-05-06,34.275,22.037499999999998,232.875,14.2125,9.408333333333333,63.125,1.1616666666666666,2.125,0.8708333333333332,73.16666666666667,51.375
2024-05-07,49.70416666666667,33.020833333333336,314.6666666666667,19.704166666666666,12.7125,83.58333333333333,0.8754166666666667,2.7083333333333335,1.1125,77.41666666666667,54.041666666666664
2024-05-08,74.4875,48.9625,443.375,30.208333333333332,16.316666666666666,83.125,1.0141666666666667,6.208333333333333,1.3229166666666667,128.0,77.45833333333333
2024-05-09,75.31666666666666,49.887499999999996,483.1666666666667,40.12916666666667,15.950000000000001,58.833333333333336,0.86625,5.958333333333333,1.1145833333333333,125.75,76.5
2024-05-10,94.03750000000001,61.31666666666666,498.75,30.754166666666666,17.116666666666667,104.45833333333333,0.9258333333333333,8.916666666666666,1.78125,157.70833333333334,86.54166666666667
2024-05-11,55.59166666666667,36.65416666666667,420.4166666666667,32.4125,12.674999999999999,54.666666666666664,0.7191666666666666,4.708333333333333,1.8979166666666665,134.25,80.41666666666667
2024-05-12,49.104166666666664,32.55416666666667,359.7916666666667,26.462500000000002,12.1625,72.5,0.8229166666666666,3.8333333333333335,1.7833333333333332,95.58333333333333,66.45833333333333
2024-05-13,49.050000000000004,32.583333333333336,408.75,29.625,11.633333333333333,73.66666666666667,0.56625,4.583333333333333,2.339583333333333,91.5,64.83333333333333
2024-05-14,66.50416666666666,42.395833333333336,404.8333333333333,25.47083333333333,14.416666666666666,96.0,0.7358333333333333,8.916666666666666,1.9208333333333334,120.66666666666667,71.95833333333333
2024-05-15,74.85000000000001,45.199999999999996,416.5,26.84583333333333,11.483333333333334,85.625,0.6854166666666667,18.166666666666668,2.0124999999999997,119.41666666666667,72.79166666666667
2024-05-16,73.14583333333333,42.90833333333333,459.625,33.041666666666664,11.083333333333334,64.33333333333333,0.6266666666666667,22.916666666666668,2.375,131.16666666666666,78.33333333333333
2024-05-17,56.42083333333333,35.170833333333334,373.0,21.9375,10.420833333333333,78.33333333333333,0.9145833333333333,9.541666666666666,1.9395833333333334,109.5,70.75
2024-05-18,44.15833333333333,28.025000000000002,291.7083333333333,16.441666666666666,10.070833333333333,73.625,1.0304166666666668,7.458333333333333,1.8395833333333333,89.95833333333333,63.666666666666664
2024-05-19,41.949999999999996,27.8625,295.75,18.320833333333333,11.325000000000001,62.541666666666664,0.9466666666666667,2.5833333333333335,1.4625000000000001,92.83333333333333,65.66666666666667
2024-05-20,32.59583333333333,21.358333333333334,255.875,19.233333333333334,10.35,47.208333333333336,0.6416666666666667,2.375,2.1458333333333335,75.95833333333333,55.541666666666664
2024-05-21,54.15,34.84583333333333,324.7083333333333,21.808333333333334,13.0375,84.20833333333333,0.9320833333333334,5.208333333333333,1.8375000000000001,84.58333333333333,55.5
2024-05-22,65.40416666666667,42.545833333333334,459.4166666666667,38.6875,14.375,61.875,0.80125,5.791666666666667,1.8791666666666667,111.25,72.0
2024-05-23,73.59583333333333,47.99166666666667,490.7916666666667,36.375,12.891666666666666,82.25,0.5658333333333333,6.291666666666667,2.4479166666666665,125.95833333333333,76.375
2024-05-24,85.82916666666667,56.737500000000004,536.6666666666666,37.175000000000004,14.629166666666668,97.70833333333333,0.6866666666666666,5.25,2.2312499999999997,145.875,81.58333333333333
2024-05-25,42.887499999999996,29.09583333333333,326.0,17.662499999999998,11.470833333333333,98.375,0.5591666666666667,1.4166666666666667,2.3833333333333333,139.04166666666666,77.29166666666667
2024-05-26,17.141666666666666,11.825000000000001,229.125,12.054166666666667,8.85,65.91666666666667,0.22,0.0,1.39375,67.75,46.0
2024-05-27,21.583333333333332,14.600000000000001,229.91666666666666,7.254166666666666,5.166666666666667,84.33333333333333,0.3729166666666666,0.5833333333333334,0.09166666666666667,46.375,34.583333333333336
2024-05-28,34.891666666666666,23.254166666666666,304.375,12.708333333333334,9.391666666666667,89.08333333333333,0.7304166666666667,1.3333333333333333,0.9083333333333333,67.0,43.166666666666664
2024-05-29,43.74583333333334,25.087500000000002,217.08333333333334,7.9875,4.908333333333333,81.75,0.90625,11.458333333333334,1.2333333333333334,80.66666666666667,60.541666666666664
2024-05-30,45.72083333333333,25.420833333333334,204.04166666666666,8.591666666666667,4.7124999999999995,70.29166666666667,0.8520833333333333,15.291666666666666,1.8333333333333333,75.79166666666667,56.375
2024-05-31,46.887499999999996,26.4375,246.16666666666666,13.408333333333333,6.1125,69.20833333333333,0.9229166666666666,17.125,1.4229166666666666,78.5,59.916666666666664
2024-06-01,41.9625,22.4875,232.41666666666666,13.65,6.729166666666667,54.833333333333336,0.7095833333333333,19.416666666666668,1.8666666666666665,77.58333333333333,58.291666666666664
2024-06-02,51.4125,28.241666666666664,225.25,12.516666666666667,6.7875000000000005,53.041666666666664,0.8758333333333334,23.083333333333332,1.7104166666666665,78.875,58.708333333333336
2024-06-03,39.699999999999996,23.683333333333334,226.375,12.008333333333333,6.354166666666667,58.041666666666664,1.0645833333333334,11.708333333333334,1.0562500000000001,80.66666666666667,60.916666666666664
2024-06-04,33.4625,20.145833333333332,220.375,11.5,6.270833333333333,59.25,0.8941666666666667,8.416666666666666,1.65625,72.08333333333333,49.541666666666664
2024-06-05,39.987500000000004,24.025000000000002,255.75,15.920833333333334,8.454166666666667,61.541666666666664,0.8441666666666667,10.208333333333334,1.7354166666666666,67.75,46.291666666666664
2024-06-06,82.71666666666667,49.13333333333333,370.5833333333333,17.883333333333333,9.329166666666667,96.04166666666667,1.2491666666666668,20.25,1.5291666666666668,98.70833333333333,65.33333333333333
2024-06-07,82.59583333333333,49.0625,354.5,16.745833333333334,10.733333333333334,105.16666666666667,1.4887499999999998,22.375,0.8416666666666667,146.79166666666666,83.58333333333333
2024-06-08,55.87083333333334,33.65416666666667,288.9583333333333,12.708333333333334,7.8999999999999995,94.54166666666667,0.9325,11.041666666666666,1.8520833333333335,120.75,74.25
2024-06-09,47.87916666666666,28.141666666666666,254.41666666666666,13.191666666666668,7.704166666666667,88.95833333333333,1.23625,5.666666666666667,0.90625,87.16666666666667,63.25
2024-06-10,53.925000000000004,31.879166666666666,261.5,12.008333333333333,7.391666666666667,92.20833333333333,1.2933333333333332,7.875,1.4333333333333333,92.70833333333333,64.70833333333333
2024-06-11,35.05416666666667,20.075,237.08333333333334,12.875,6.3625,68.79166666666667,1.1258333333333332,8.916666666666666,1.5604166666666666,83.70833333333333,59.375
2024-06-12,30.883333333333336,18.366666666666667,221.20833333333334,11.475,6.45,66.41666666666667,0.7779166666666667,7.041666666666667,1.8583333333333334,68.08333333333333,43.458333333333336
2024-06-13,32.56666666666667,18.508333333333333,218.875,9.908333333333333,5.675,74.29166666666667,0.9433333333333334,7.416666666666667,1.5770833333333334,58.458333333333336,35.291666666666664
2024-06-14,71.13333333333334,41.833333333333336,271.9583333333333,9.775,6.5375000000000005,93.75,1.4937500000000001,12.125,0.9770833333333333,90.79166666666667,61.458333333333336
2024-06-15,68.97500000000001,39.46666666666667,252.66666666666666,8.674999999999999,5.620833333333334,93.5,1.3550000000000002,13.0,1.1125,115.83333333333333,73.58333333333333
2024-06-16,68.90833333333333,38.47083333333333,241.04166666666666,9.887500000000001,5.541666666666667,77.16666666666667,1.4375,20.416666666666668,0.9895833333333334,107.29166666666667,70.70833333333333
2024-06-17,54.612500000000004,32.112500000000004,237.91666666666666,9.766666666666667,5.829166666666667,78.83333333333333,1.1675,9.291666666666666,1.26875,99.16666666666667,67.95833333333333
2024-06-18,51.604166666666664,30.349999999999998,224.16666666666666,10.358333333333333,5.858333333333333,70.29166666666667,1.5366666666666668,10.541666666666666,0.6270833333333333,91.375,65.29166666666667
2024-06-19,38.354166666666664,23.3,218.58333333333334,11.304166666666667,6.375,68.125,1.3670833333333334,5.041666666666667,0.5958333333333333,84.66666666666667,62.375
2024-06-20,30.325,19.070833333333333,234.83333333333334,12.154166666666667,6.554166666666667,69.16666666666667,1.0095833333333333,4.333333333333333,1.3854166666666667,66.08333333333333,42.958333333333336
2024-06-21,42.90416666666667,27.9875,277.1666666666667,15.733333333333334,9.045833333333333,84.875,1.0116666666666667,7.666666666666667,1.0687499999999999,70.08333333333333,48.916666666666664
2024-06-22,38.987500000000004,26.254166666666666,294.0,17.724999999999998,8.779166666666667,66.04166666666667,0.6191666666666666,4.208333333333333,1.29375,85.79166666666667,63.041666666666664
2024-06-23,32.99583333333333,21.84166666666667,269.0833333333333,17.170833333333334,8.525,54.75,0.4608333333333334,3.75,2.183333333333333,78.79166666666667,59.083333333333336
2024-06-24,27.8,18.349999999999998,231.25,13.924999999999999,7.370833333333334,53.708333333333336,0.4116666666666667,4.25,1.8708333333333333,65.95833333333333,39.833333333333336
2024-06-25,36.112500000000004,21.025000000000002,233.125,14.816666666666665,7.495833333333334,56.041666666666664,0.4875,15.791666666666666,2.2916666666666665,64.41666666666667,39.625
2024-06-26,34.82083333333333,22.570833333333336,241.54166666666666,18.724999999999998,11.5,45.5,0.5275,7.75,1.6749999999999998,71.875,49.083333333333336
2024-06-27,17.004166666666666,11.6625,196.58333333333334,13.358333333333334,7.366666666666667,41.916666666666664,0.22916666666666666,0.3333333333333333,1.5708333333333335,64.41666666666667,39.541666666666664
2024-06-28,12.674999999999999,8.174999999999999,162.91666666666666,9.495833333333334,5.320833333333334,49.208333333333336,0.20291666666666666,0.0,1.3395833333333333,37.666666666666664,22.208333333333332
2024-06-29,13.058333333333332,8.470833333333333,171.08333333333334,8.620833333333334,4.6125,59.958333333333336,0.22375,0.0,2.0187500000000003,34.666666666666664,24.041666666666668
2024-06-30,13.716666666666667,9.433333333333334,204.16666666666666,11.85,5.708333333333333,56.75,0.4141666666666666,0.0,0.9708333333333333,37.041666666666664,23.291666666666668
2024-07-01,19.229166666666668,13.354166666666666,250.70833333333334,14.541666666666666,10.704166666666666,62.041666666666664,0.32625,0.4583333333333333,0.7687499999999999,43.916666666666664,25.458333333333332
2024-07-02,23.78333333333333,16.65,271.2916666666667,18.241666666666667,10.25,56.958333333333336,0.3825,0.4166666666666667,1.3041666666666667,54.75,30.583333333333332
2024-07-03,26.895833333333332,18.7625,249.5,15.887500000000001,11.683333333333332,61.583333333333336,0.4875,1.0416666666666667,1.1666666666666667,66.16666666666667,42.125
2024-07-04,13.904166666666667,9.3375,187.0,10.674999999999999,5.258333333333334,56.291666666666664,0.23583333333333334,1.0416666666666667,0.8520833333333333,51.833333333333336,28.75
2024-07-05,12.945833333333333,8.591666666666667,197.66666666666666,10.825000000000001,5.516666666666667,59.958333333333336,0.2675,2.1666666666666665,1.4020833333333333,38.916666666666664,24.208333333333332
2024-07-06,22.03333333333333,13.204166666666666,199.91666666666666,12.241666666666667,5.641666666666667,48.75,0.4033333333333333,7.916666666666667,1.2020833333333334,42.791666666666664,22.958333333333332
2024-07-07,27.570833333333336,16.875,242.04166666666666,16.075,7.2625,41.916666666666664,0.35250000000000004,8.416666666666666,2.314583333333333,55.083333333333336,29.708333333333332
2024-07-08,21.916666666666668,14.2875,215.66666666666666,14.566666666666668,7.083333333333333,37.875,0.26708333333333334,4.333333333333333,2.4,60.833333333333336,34.25
2024-07-09,17.0625,11.25,187.33333333333334,12.220833333333333,5.633333333333333,42.083333333333336,0.2504166666666667,1.5416666666666667,1.4916666666666665,50.125,25.916666666666668
2024-07-10,20.783333333333335,13.608333333333334,196.20833333333334,12.674999999999999,5.595833333333334,46.416666666666664,0.30041666666666667,2.5833333333333335,1.1604166666666667,49.666666666666664,24.958333333333332
2024-07-11,26.6375,17.758333333333333,201.95833333333334,11.983333333333334,5.766666666666667,55.333333333333336,0.5858333333333333,0.6666666666666666,1.1979166666666667,56.416666666666664,31.208333333333332
2024-07-12,20.8,14.0625,213.45833333333334,12.9125,6.116666666666667,53.916666666666664,0.5908333333333333,1.0833333333333333,0.7354166666666666,60.416666666666664,33.875
2024-07-13,22.058333333333334,15.15,225.45833333333334,13.8375,7.620833333333334,59.0,0.5095833333333334,1.0833333333333333,1.3583333333333334,54.708333333333336,30.208333333333332
2024-07-14,21.349999999999998,14.5375,209.875,13.620833333333332,6.7625,47.708333333333336,0.29916666666666664,1.0416666666666667,2.40625,56.583333333333336,31.291666666666668
2024-07-15,16.608333333333334,11.170833333333334,201.04166666666666,13.200000000000001,7.141666666666667,49.166666666666664,0.17666666666666667,0.16666666666666666,1.7916666666666667,53.166666666666664,28.291666666666668
2024-07-16,14.191666666666668,9.429166666666667,185.5,12.666666666666666,6.808333333333334,43.416666666666664,0.19958333333333333,0.0,1.633333333333333,40.416666666666664,22.25
2024-07-17,22.333333333333332,15.083333333333334,262.2916666666667,17.849999999999998,7.6499999999999995,45.041666666666664,0.27375,0.0,2.4916666666666667,44.083333333333336,26.333333333333332
2024-07-18,32.225,22.275000000000002,261.3333333333333,19.224999999999998,11.987499999999999,57.541666666666664,0.4345833333333333,0.25,2.0416666666666665,64.29166666666667,43.458333333333336
2024-07-19,16.10833333333333,10.8125,197.20833333333334,14.033333333333333,7.604166666666667,53.625,0.20458333333333334,0.0,2.066666666666667,64.58333333333333,40.333333333333336
2024-07-20,11.25,7.166666666666667,156.91666666666666,9.258333333333333,5.016666666666667,52.958333333333336,0.15125,0.0,2.2604166666666665,34.416666666666664,22.666666666666668
2024-07-21,12.325000000000001,7.733333333333333,162.16666666666666,9.483333333333333,5.0125,52.583333333333336,0.1825,0.0,1.6041666666666667,32.041666666666664,21.125
2024-07-22,12.950000000000001,8.220833333333333,160.04166666666666,8.258333333333333,4.4125000000000005,56.0,0.20750000000000002,0.3333333333333333,1.3166666666666667,33.375,22.416666666666668
2024-07-23,11.966666666666667,7.7,160.79166666666666,8.379166666666666,4.558333333333333,60.083333333333336,0.16375,0.20833333333333334,1.9416666666666667,33.041666666666664,24.0
2024-07-24,17.650000000000002,11.7875,214.08333333333334,11.379166666666668,6.308333333333334,67.75,0.31583333333333335,0.0,1.4416666666666667,39.666666666666664,27.666666666666668
2024-07-25,18.816666666666666,12.695833333333333,220.95833333333334,12.916666666666666,7.291666666666667,72.875,0.2866666666666667,0.0,2.435416666666667,51.041666666666664,32.5
2024-07-26,14.5875,9.816666666666666,209.75,11.612499999999999,8.329166666666667,69.33333333333333,0.17041666666666666,0.0,2.033333333333333,48.875,30.166666666666668
2024-07-27,12.4375,8.404166666666667,185.33333333333334,9.616666666666667,5.9750000000000005,68.625,0.1525,0.16666666666666666,2.50625,37.125,27.666666666666668
2024-07-28,17.0625,11.7875,185.45833333333334,11.216666666666667,6.854166666666667,64.58333333333333,0.19458333333333333,0.9583333333333334,2.4479166666666665,46.791666666666664,28.791666666666668
2024-07-29,12.7875,8.7125,185.625,11.229166666666666,5.958333333333333,55.375,0.1875,0.3333333333333333,1.8770833333333332,40.291666666666664,24.875
2024-07-30,17.583333333333332,11.987499999999999,214.70833333333334,12.641666666666666,6.3374999999999995,60.916666666666664,0.3120833333333333,1.5833333333333333,1.2604166666666667,41.083333333333336,25.625
2024-07-31,20.995833333333334,14.716666666666667,237.45833333333334,15.329166666666666,8.608333333333333,56.041666666666664,0.33125,0.5416666666666666,1.6041666666666667,52.541666666666664,29.583333333333332
2024-08-01,13.766666666666666,9.941666666666666,217.91666666666666,11.391666666666666,7.283333333333334,54.458333333333336,0.1991666666666667,0.25,0.6729166666666666,51.541666666666664,27.333333333333332
2024-08-02,24.27916666666667,15.549999999999999,196.125,10.362499999999999,4.875,55.708333333333336,0.25625000000000003,7.5,0.5833333333333334,46.625,25.458333333333332
2024-08-03,16.020833333333332,10.625,184.95833333333334,10.012500000000001,4.7625,53.25,0.20875,2.0416666666666665,1.0854166666666667,53.25,27.541666666666668
2024-08-04,20.295833333333334,13.483333333333334,203.875,13.149999999999999,6.504166666666666,57.833333333333336,0.315,1.9166666666666667,1.4625000000000001,48.25,27.75
2024-08-05,24.675,15.933333333333332,213.29166666666666,14.320833333333333,6.504166666666666,49.333333333333336,0.3958333333333333,3.7083333333333335,1.6395833333333334,56.458333333333336,31.416666666666668
2024-08-06,17.354166666666668,11.6625,212.25,14.158333333333333,6.7124999999999995,45.375,0.29083333333333333,0.7916666666666666,1.8770833333333334,54.583333333333336,29.875
2024-08-07,14.870833333333332,10.029166666666667,189.125,11.329166666666667,6.2250000000000005,50.416666666666664,0.23458333333333334,0.4583333333333333,2.03125,45.625,25.375
2024-08-08,16.633333333333333,10.762500000000001,200.125,12.0375,5.7875000000000005,46.333333333333336,0.25833333333333336,3.0,1.3791666666666667,42.75,22.416666666666668
2024-08-09,16.558333333333334,11.016666666666666,201.29166666666666,12.2125,5.4125000000000005,42.416666666666664,0.24291666666666667,1.0,0.6104166666666667,43.833333333333336,21.75
2024-08-10,27.97083333333333,18.279166666666665,223.29166666666666,13.487499999999999,6.045833333333333,45.708333333333336,0.465,4.25,1.0104166666666667,54.708333333333336,28.541666666666668
2024-08-11,28.375,19.375,259.75,16.495833333333334,7.291666666666667,57.791666666666664,0.5958333333333333,3.25,1.3020833333333333,65.875,39.541666666666664
2024-08-12,33.75,22.416666666666668,263.375,18.787499999999998,8.258333333333333,50.416666666666664,0.52,5.208333333333333,1.1208333333333333,67.95833333333333,42.333333333333336
2024-08-13,30.391666666666666,20.3,254.66666666666666,18.233333333333334,8.258333333333333,45.333333333333336,0.43583333333333335,3.5,1.03125,71.29166666666667,48.0
2024-08-14,25.5625,17.454166666666666,254.41666666666666,17.412499999999998,8.816666666666666,52.708333333333336,0.37083333333333335,1.4583333333333333,1.8854166666666667,65.20833333333333,39.916666666666664
2024-08-15,21.474999999999998,14.862499999999999,242.33333333333334,15.204166666666666,7.2749999999999995,50.875,0.3620833333333333,0.6666666666666666,1.7083333333333333,57.333333333333336,33.0
2024-08-16,17.570833333333333,12.108333333333334,227.95833333333334,16.4375,10.825000000000001,46.375,0.24833333333333332,0.20833333333333334,1.8958333333333333,54.25,31.541666666666668
2024-08-17,20.341666666666665,14.125,240.45833333333334,18.245833333333334,13.854166666666666,58.791666666666664,0.21875,0.0,2.120833333333333,48.583333333333336,32.291666666666664
2024-08-18,19.129166666666666,13.141666666666666,234.375,14.045833333333334,8.804166666666667,59.958333333333336,0.465,0.0,1.1958333333333333,57.708333333333336,33.125
2024-08-19,18.479166666666668,12.845833333333333,296.8333333333333,18.408333333333335,11.15,54.625,0.3695833333333333,0.0,0.8020833333333334,47.25,25.916666666666668
2024-08-20,28.729166666666668,20.0125,321.5416666666667,17.058333333333334,8.979166666666666,61.916666666666664,0.6854166666666667,0.0,0.6041666666666666,61.916666666666664,35.75
2024-08-21,17.825,12.237499999999999,255.08333333333334,14.391666666666666,7.108333333333333,59.166666666666664,0.5241666666666667,0.0,0.5875,57.875,32.5
2024-08-22,22.1375,15.366666666666667,275.2083333333333,16.808333333333334,11.283333333333333,50.583333333333336,0.57625,0.0,0.39999999999999997,54.625,29.458333333333332
2024-08-23,12.091666666666667,8.279166666666667,200.41666666666666,14.404166666666667,7.145833333333333,39.083333333333336,0.27708333333333335,0.0,1.51875,46.208333333333336,25.375
2024-08-24,13.870833333333332,9.408333333333333,219.29166666666666,15.025,7.1625000000000005,50.166666666666664,0.21083333333333334,0.0,2.0395833333333333,37.375,23.75
2024-08-25,14.408333333333333,10.0125,233.75,16.241666666666667,9.204166666666667,46.541666666666664,0.20291666666666666,0.0,1.7791666666666668,42.583333333333336,23.791666666666668
2024-08-26,12.141666666666666,8.458333333333334,212.91666666666666,12.579166666666666,7.204166666666667,48.416666666666664,0.155,0.0,0.6291666666666667,36.375,20.583333333333332
2024-08-27,16.962500000000002,11.708333333333334,232.625,16.129166666666666,7.916666666666667,47.5,0.20458333333333334,0.041666666666666664,1.8895833333333334,39.916666666666664,24.291666666666668
2024-08-28,30.787499999999998,20.466666666666665,313.7916666666667,24.9375,10.158333333333333,36.291666666666664,0.31625,1.3333333333333333,1.7270833333333335,58.083333333333336,31.75
2024-08-29,31.724999999999998,21.5625,348.0,27.57083333333333,10.033333333333333,49.041666666666664,0.2629166666666667,1.25,2.38125,68.875,45.25
2024-08-30,24.575,16.808333333333334,299.75,21.554166666666664,9.583333333333334,56.958333333333336,0.2841666666666667,0.4583333333333333,2.1145833333333335,68.125,45.75
2024-08-31,14.795833333333334,9.720833333333333,218.45833333333334,14.604166666666666,6.304166666666667,47.125,0.16333333333333333,0.0,2.1020833333333333,50.458333333333336,28.166666666666668
2024-09-01,25.308333333333334,16.383333333333333,261.0416666666667,20.608333333333334,9.0875,44.5,0.3045833333333334,0.9166666666666666,1.4020833333333333,47.791666666666664,25.333333333333332
2024-09-02,31.558333333333334,21.1375,305.5833333333333,22.483333333333334,12.583333333333334,62.791666666666664,0.40208333333333335,1.0416666666666667,2.1750000000000003,65.79166666666667,43.375
2024-09-03,30.924999999999997,21.225,341.0833333333333,29.212500000000002,11.5375,42.666666666666664,0.41791666666666666,0.625,1.6020833333333335,67.41666666666667,40.916666666666664
2024-09-04,29.5,20.099999999999998,340.4583333333333,26.916666666666668,8.754166666666666,40.458333333333336,0.3025,2.0,2.0124999999999997,71.75,48.833333333333336
2024-09-05,27.316666666666666,17.954166666666666,313.2916666666667,22.875,10.362499999999999,42.75,0.31416666666666665,3.7916666666666665,2.11875,64.125,37.708333333333336
2024-09-06,38.858333333333334,26.5,346.25,24.629166666666666,17.2625,80.91666666666667,0.43166666666666664,1.75,2.222916666666667,83.375,51.041666666666664
2024-09-07,35.574999999999996,24.704166666666666,331.0,22.429166666666664,16.320833333333333,97.625,0.43875,0.25,1.76875,97.04166666666667,63.333333333333336
2024-09-08,22.849999999999998,15.466666666666667,243.66666666666666,16.070833333333333,7.970833333333334,61.333333333333336,0.28750000000000003,0.20833333333333334,2.1083333333333334,72.875,52.25
2024-09-09,15.329166666666666,9.875,200.875,11.233333333333334,6.066666666666666,59.458333333333336,0.1975,0.08333333333333333,2.1895833333333337,46.791666666666664,28.625
2024-09-10,17.8625,11.541666666666666,204.58333333333334,11.958333333333334,5.954166666666667,57.875,0.25458333333333333,0.0,1.8041666666666665,43.0,25.75
2024-09-11,24.17916666666667,15.970833333333333,275.5,18.849999999999998,8.8375,63.208333333333336,0.30875,0.3333333333333333,1.9270833333333333,53.166666666666664,34.166666666666664
2024-09-12,44.78333333333333,30.5125,424.125,27.883333333333336,11.137500000000001,79.58333333333333,0.4604166666666667,0.2916666666666667,2.0083333333333333,86.375,53.916666666666664
2024-09-13,29.59583333333333,20.683333333333334,347.0416666666667,19.141666666666666,10.266666666666667,74.16666666666667,0.3183333333333333,0.0,1.7979166666666666,87.54166666666667,62.5
2024-09-14,8.329166666666667,5.795833333333333,213.70833333333334,8.375,5.2,69.54166666666667,0.12333333333333334,0.0,0.8979166666666667,46.166666666666664,30.958333333333332
2024-09-15,15.075000000000001,10.279166666666667,207.70833333333334,8.262500000000001,4.666666666666667,75.29166666666667,0.35874999999999996,0.7916666666666666,0.35625,34.166666666666664,30.083333333333332
2024-09-16,29.27916666666667,18.983333333333334,235.20833333333334,11.700000000000001,5.433333333333334,71.375,0.5520833333333334,4.875,1.8145833333333332,54.625,33.625
2024-09-17,43.37083333333334,28.358333333333334,376.8333333333333,29.212500000000002,9.9375,66.5,0.4358333333333333,6.208333333333333,1.9375,70.20833333333333,48.708333333333336
2024-09-18,64.16250000000001,42.72083333333333,478.8333333333333,32.800000000000004,15.049999999999999,86.5,0.5791666666666667,4.291666666666667,1.85625,111.25,69.66666666666667
2024-09-19,69.37916666666666,47.362500000000004,509.4583333333333,33.583333333333336,12.170833333333334,101.04166666666667,0.62875,2.3333333333333335,1.7541666666666667,135.70833333333334,76.70833333333333
2024-09-20,72.64166666666667,50.27916666666667,631.2916666666666,40.19166666666667,12.020833333333334,97.70833333333333,0.5141666666666667,0.7083333333333334,1.8541666666666667,147.16666666666666,80.33333333333333
2024-09-21,91.35416666666667,63.475,784.4166666666666,50.96666666666667,15.266666666666666,102.54166666666667,0.5829166666666666,0.125,1.7666666666666666,153.125,82.625
2024-09-22,110.12083333333334,76.66666666666667,931.375,61.50416666666666,24.179166666666664,118.75,0.5616666666666666,0.0,1.9270833333333333,172.33333333333334,101.625
2024-09-23,82.32083333333334,57.39166666666667,793.25,43.40833333333333,16.508333333333333,103.95833333333333,0.5858333333333333,0.0,1.2583333333333333,160.04166666666666,96.45833333333333
2024-09-24,18.179166666666667,12.475,258.5833333333333,13.083333333333334,7.120833333333334,68.08333333333333,0.23916666666666667,0.0,1.8104166666666668,87.5,55.75
2024-09-25,10.341666666666667,7.0625,203.29166666666666,11.525,6.233333333333333,48.791666666666664,0.16125,0.0,1.0375,39.458333333333336,22.125
2024-09-26,18.9375,12.549999999999999,219.95833333333334,15.454166666666666,6.4375,31.041666666666668,0.31416666666666665,0.9583333333333334,0.8333333333333334,36.166666666666664,18.125
2024-09-27,24.25,16.095833333333335,277.5,19.55,8.6,34.25,0.25958333333333333,1.4166666666666667,1.8479166666666667,55.541666666666664,29.875
2024-09-28,24.104166666666668,16.099999999999998,280.2916666666667,19.941666666666666,8.054166666666667,31.958333333333332,0.29291666666666666,0.3333333333333333,1.7979166666666666,60.166666666666664,33.5
2024-09-29,32.75833333333333,22.2625,298.2083333333333,21.65833333333333,8.775,42.916666666666664,0.5650000000000001,0.20833333333333334,0.88125,60.666666666666664,34.583333333333336
2024-09-30,60.637499999999996,40.78333333333333,388.9583333333333,23.754166666666666,13.887500000000001,80.33333333333333,1.0083333333333333,1.625,1.2541666666666667,88.25,62.666666666666664
2024-10-01,77.4375,52.99166666666667,419.7916666666667,20.625,21.55,115.5,1.0954166666666667,1.25,1.3375000000000001,139.5,79.58333333333333
2024-10-02,41.87083333333333,29.241666666666664,390.2083333333333,21.504166666666666,11.487499999999999,96.125,0.7170833333333334,0.0,1.0916666666666666,122.41666666666667,74.83333333333333
2024-10-03,48.6875,33.425000000000004,429.0833333333333,19.158333333333335,14.058333333333332,82.45833333333333,1.0583333333333333,1.2916666666666667,0.5541666666666666,87.66666666666667,63.833333333333336
2024-10-04,27.629166666666666,18.537499999999998,284.75,12.754166666666668,5.658333333333334,75.83333333333333,0.9199999999999999,1.875,0.41874999999999996,82.5,57.625
2024-10-05,32.21666666666667,21.295833333333334,272.125,15.758333333333333,5.75,58.458333333333336,0.9874999999999999,2.7083333333333335,0.27291666666666664,63.083333333333336,36.541666666666664
2024-10-06,30.166666666666668,19.175,272.375,19.683333333333334,8.120833333333334,50.416666666666664,0.5508333333333334,3.625,1.5645833333333332,68.375,43.125
2024-10-07,36.608333333333334,24.662499999999998,356.5,28.708333333333332,11.237499999999999,47.791666666666664,0.49125,1.5833333333333333,1.6291666666666667,70.83333333333333,48.0
2024-10-08,47.300000000000004,32.24583333333333,445.125,37.875,14.0625,45.5,0.6454166666666666,0.6666666666666666,1.3541666666666667,79.875,60.25
2024-10-09,47.70416666666667,32.30416666666667,372.875,31.02916666666667,13.929166666666667,41.916666666666664,0.94625,1.0,0.9104166666666668,98.20833333333333,67.79166666666667
2024-10-10,46.166666666666664,31.90833333333333,344.4166666666667,23.916666666666668,12.8125,63.958333333333336,1.1908333333333334,0.7083333333333334,1.0041666666666667,94.66666666666667,66.41666666666667
2024-10-11,47.98333333333333,32.916666666666664,375.5416666666667,24.370833333333334,10.720833333333333,58.333333333333336,1.0970833333333332,0.16666666666666666,1.2562499999999999,87.70833333333333,63.791666666666664
2024-10-12,90.70416666666667,61.67916666666667,599.2916666666666,44.02916666666667,17.970833333333335,71.79166666666667,1.5270833333333333,0.625,0.9145833333333333,124.5,76.45833333333333
2024-10-13,125.19166666666666,81.67916666666666,578.0,32.141666666666666,25.425,112.125,1.335,4.25,0.99375,162.95833333333334,98.125
2024-10-14,127.675,82.01666666666667,717.1666666666666,40.050000000000004,20.5625,93.54166666666667,1.0045833333333334,9.208333333333334,1.1624999999999999,167.29166666666666,108.625
2024-10-15,131.8375,84.14999999999999,978.4166666666666,59.63333333333333,18.791666666666668,88.66666666666667,0.9804166666666667,14.958333333333334,1.1979166666666667,168.66666666666666,107.08333333333333
2024-10-16,141.40416666666667,91.05416666666667,804.9166666666666,40.36666666666667,28.108333333333334,130.54166666666666,1.3983333333333334,8.25,1.08125,178.875,106.83333333333333
2024-10-17,141.5875,93.10833333333333,629.7083333333334,28.883333333333336,27.683333333333334,124.95833333333333,1.675,3.8333333333333335,0.8770833333333333,175.33333333333334,114.79166666666667
2024-10-18,100.94166666666666,68.32916666666667,480.5,24.583333333333332,17.695833333333333,84.79166666666667,1.6129166666666668,1.5833333333333333,0.5958333333333333,166.83333333333334,109.91666666666667
2024-10-19,61.30416666666667,42.62916666666667,539.9583333333334,43.10833333333333,18.2,55.5,0.8341666666666666,0.0,0.8729166666666667,121.75,76.20833333333333
2024-10-20,101.94583333333333,69.77916666666667,683.5833333333334,44.69166666666666,23.275000000000002,85.95833333333333,0.8720833333333333,1.875,1.2145833333333333,150.16666666666666,89.91666666666667
2024-10-21,89.24583333333334,60.62083333333334,653.2916666666666,38.0875,15.604166666666666,95.33333333333333,0.6470833333333333,2.25,1.2770833333333333,154.41666666666666,88.25
2024-10-22,88.46666666666665,60.9,715.375,46.12916666666666,17.120833333333334,92.70833333333333,0.5033333333333333,0.75,1.4395833333333332,157.29166666666666,91.95833333333333
2024-10-23,42.44166666666667,29.633333333333336,455.5416666666667,29.400000000000002,15.745833333333332,48.583333333333336,0.32,0.0,0.48125,128.0,77.625
2024-10-24,19.3125,13.366666666666667,226.33333333333334,15.5,10.2125,46.416666666666664,0.2891666666666667,0.0,1.2166666666666666,66.125,41.875
2024-10-25,42.208333333333336,26.683333333333334,346.0,19.754166666666666,8.258333333333333,52.0,0.7258333333333332,0.5416666666666666,0.9791666666666666,58.75,35.583333333333336
2024-10-26,54.166666666666664,34.37916666666667,601.25,21.204166666666666,9.487499999999999,58.791666666666664,0.7283333333333334,0.625,1.1604166666666667,96.66666666666667,66.95833333333333
2024-10-27,81.71249999999999,53.9375,1097.9166666666667,53.46666666666667,18.983333333333334,50.0,0.5020833333333333,0.625,1.35625,112.75,72.45833333333333
2024-10-28,92.23333333333333,61.90416666666667,1049.0416666666667,52.199999999999996,15.554166666666667,64.20833333333333,0.4608333333333334,0.375,1.3041666666666667,153.125,89.375
2024-10-29,112.75416666666666,77.08333333333333,1131.9166666666667,62.37083333333334,13.541666666666666,77.75,0.63625,0.0,1.1854166666666666,157.45833333333334,95.79166666666667
2024-10-30,116.65833333333335,79.64166666666667,1292.5833333333333,63.541666666666664,17.966666666666665,82.66666666666667,0.8845833333333334,0.08333333333333333,1.1,160.0,99.54166666666667
2024-10-31,103.1125,70.775,1279.5833333333333,55.791666666666664,16.2,63.125,1.0108333333333333,0.125,0.7083333333333334,164.70833333333334,106.75
2024-11-01,91.96666666666665,62.979166666666664,1262.9166666666667,38.458333333333336,18.779166666666665,81.25,0.84125,1.625,1.1104166666666666,152.08333333333334,87.70833333333333
2024-11-02,127.625,82.55416666666666,958.9166666666666,37.11666666666667,20.033333333333335,87.29166666666667,0.9091666666666667,9.708333333333334,1.0583333333333333,159.45833333333334,98.58333333333333
2024-11-03,163.19583333333333,106.20833333333333,1238.3333333333333,55.92916666666667,24.337500000000002,94.625,0.81875,10.833333333333334,1.21875,170.375,113.5
2024-11-04,163.97083333333333,107.96249999999999,1479.875,65.3,29.545833333333334,100.625,0.7895833333333333,6.208333333333333,1.1541666666666666,185.20833333333334,132.41666666666666
2024-11-05,108.4875,72.91250000000001,882.5833333333334,48.92083333333333,24.395833333333332,76.58333333333333,0.5979166666666667,2.8333333333333335,1.0374999999999999,166.79166666666666,109.75
2024-11-06,84.8875,58.70416666666667,886.4583333333334,41.59583333333333,25.395833333333332,80.95833333333333,0.57,1.25,0.9666666666666667,156.375,94.125
2024-11-07,70.79583333333333,49.14166666666667,885.3333333333334,40.949999999999996,26.0,79.375,0.3933333333333333,1.0833333333333333,1.1937499999999999,139.25,81.08333333333333
2024-11-08,44.104166666666664,30.733333333333334,796.9166666666666,35.40833333333334,17.241666666666667,74.08333333333333,0.23083333333333333,0.375,1.3916666666666666,114.5,72.875
2024-11-09,41.512499999999996,29.03333333333333,1119.0,40.42916666666667,15.370833333333332,62.208333333333336,0.1525,0.0,1.4145833333333335,81.08333333333333,61.291666666666664
2024-11-10,64.91250000000001,45.39166666666667,1291.0833333333333,60.54583333333333,20.729166666666668,61.541666666666664,0.19000000000000003,0.0,1.3666666666666665,101.70833333333333,68.875
2024-11-11,65.50416666666666,45.82916666666667,771.875,47.104166666666664,18.691666666666666,83.20833333333333,0.2575,0.0,1.3,136.16666666666666,80.0
2024-11-12,47.69166666666666,37.079166666666666,738.25,30.65416666666667,13.020833333333334,82.08333333333333,0.3179166666666667,0.5,1.2270833333333333,109.875,71.45833333333333
2024-11-13,49.50416666666666,47.98333333333333,639.7083333333334,35.8375,14.354166666666666,84.04166666666667,0.22416666666666665,1.5,1.3333333333333333,116.58333333333333,73.70833333333333
2024-11-14,82.85000000000001,80.08333333333333,869.75,30.183333333333334,17.370833333333334,101.70833333333333,0.5316666666666666,5.125,1.1520833333333333,153.66666666666666,92.58333333333333
2024-11-15,106.18333333333334,101.6375,1108.3333333333333,32.13333333333333,18.025000000000002,94.70833333333333,0.6445833333333334,8.416666666666666,1.05,167.79166666666666,111.375
2024-11-16,125.30833333333334,118.64166666666667,1099.1666666666667,29.97083333333333,20.641666666666666,88.45833333333333,0.7687499999999999,12.458333333333334,0.9604166666666667,180.20833333333334,130.20833333333334
2024-11-17,111.24583333333334,106.35833333333333,987.0,37.458333333333336,21.291666666666668,88.20833333333333,0.5475,8.541666666666666,1.1145833333333333,178.08333333333334,127.125
2024-11-18,124.7,120.65833333333335,1208.875,53.87083333333334,29.045833333333334,96.95833333333333,0.5033333333333333,6.916666666666667,1.0916666666666666,181.91666666666666,132.75
2024-11-19,80.42083333333333,79.375,871.5,41.47083333333333,21.216666666666665,107.58333333333333,0.2816666666666667,1.7916666666666667,1.24375,175.45833333333334,123.5
2024-11-20,56.520833333333336,56.2125,763.4583333333334,34.275,18.604166666666668,102.41666666666667,0.3025,0.375,1.2104166666666667,154.83333333333334,91.79166666666667
2024-11-21,76.44166666666666,75.91666666666667,911.3333333333334,52.12083333333334,23.59166666666667,94.58333333333333,0.435,0.9166666666666666,1.10625,153.5,89.29166666666667
2024-11-22,94.55,93.22500000000001,1213.4583333333333,66.05833333333334,19.583333333333332,66.25,0.5416666666666666,1.5,0.9375,169.625,114.125
2024-11-23,84.7,83.68333333333334,1111.5833333333333,56.00833333333333,16.766666666666666,58.125,0.5475,1.6666666666666667,1.0062499999999999,167.29166666666666,110.75
2024-11-24,102.0,98.53333333333335,985.125,36.895833333333336,19.258333333333333,83.75,0.8670833333333333,6.083333333333333,0.7833333333333333,164.0,105.66666666666667
2024-11-25,138.63333333333333,131.49166666666667,949.75,37.52916666666667,23.1375,99.95833333333333,0.7779166666666666,12.416666666666666,0.8958333333333334,181.5,132.16666666666666
2024-11-26,85.94583333333333,81.84583333333333,847.625,36.32083333333333,16.208333333333332,74.25,0.51625,7.416666666666667,1.0916666666666666,182.20833333333334,133.33333333333334
2024-11-27,92.60416666666667,88.02916666666665,842.625,57.65,19.775000000000002,71.33333333333333,0.47125,8.208333333333334,1.0145833333333334,162.75,103.75
2024-11-28,65.62083333333334,63.15833333333333,769.0833333333334,45.041666666666664,20.150000000000002,91.95833333333333,0.29875,4.375,1.1208333333333333,161.16666666666666,101.33333333333333
2024-11-29,58.67916666666667,56.82083333333333,830.5,40.708333333333336,21.633333333333336,82.45833333333333,0.3983333333333334,2.9583333333333335,0.9104166666666665,151.33333333333334,86.41666666666667
2024-11-30,40.8375,39.92916666666667,629.125,31.116666666666664,19.045833333333334,80.20833333333333,0.4041666666666666,0.875,0.8479166666666668,139.58333333333334,81.125
2024-12-01,34.266666666666666,33.4,618.0416666666666,27.808333333333334,17.279166666666665,73.95833333333333,0.2920833333333333,0.5,1.1333333333333333,97.45833333333333,67.375
2024-12-02,42.887499999999996,41.1625,800.7083333333334,34.395833333333336,18.995833333333334,58.916666666666664,0.33666666666666667,2.0,0.6375,101.08333333333333,68.625
2024-12-03,43.87916666666666,42.112500000000004,727.125,28.620833333333334,15.979166666666666,78.58333333333333,0.24666666666666667,2.5,1.1104166666666666,122.70833333333333,75.66666666666667
2024-12-04,95.45833333333333,91.5625,821.8333333333334,32.30416666666667,20.3625,98.70833333333333,0.48416666666666663,6.875,0.9958333333333332,141.20833333333334,85.95833333333333
2024-12-05,145.07500000000002,137.73749999999998,1203.75,48.012499999999996,23.791666666666668,82.66666666666667,0.6533333333333333,13.291666666666666,0.8937499999999999,187.5,141.33333333333334
2024-12-06,85.24583333333332,83.04583333333333,952.9166666666666,33.5875,19.75,76.08333333333333,0.33166666666666667,4.083333333333333,1.0333333333333334,178.875,128.20833333333334
2024-12-07,77.2625,75.3,772.4583333333334,41.025,21.008333333333333,74.25,0.29583333333333334,3.5416666666666665,1.05,158.70833333333334,97.625
2024-12-08,119.00833333333333,115.22916666666667,865.875,57.862500000000004,26.129166666666666,69.20833333333333,0.4741666666666667,6.583333333333333,0.9791666666666666,170.33333333333334,115.5
2024-12-09,137.00833333333333,132.97083333333333,904.625,52.362500000000004,27.40833333333333,74.54166666666667,0.8829166666666667,7.125,0.6749999999999999,189.66666666666666,144.625
2024-12-10,125.90833333333335,123.7,820.375,28.2375,27.916666666666668,75.29166666666667,0.95375,3.7083333333333335,0.6749999999999999,189.08333333333334,143.70833333333334
2024-12-11,101.27499999999999,99.125,733.2083333333334,23.53333333333333,19.575,82.125,0.6479166666666667,3.7916666666666665,0.84375,177.20833333333334,125.70833333333333
2024-12-12,103.83333333333333,102.15416666666665,757.5833333333334,25.125,18.175,82.66666666666667,0.61375,2.9583333333333335,0.9208333333333334,172.04166666666666,118.0
2024-12-13,103.37083333333334,102.29166666666667,794.7083333333334,25.820833333333336,18.858333333333334,85.08333333333333,0.5575,1.7916666666666667,0.9458333333333333,175.95833333333334,123.70833333333333
2024-12-14,104.4375,103.52916666666665,817.2083333333334,28.991666666666664,22.6375,92.41666666666667,0.5433333333333333,1.5,0.9249999999999999,175.875,123.75
2024-12-15,88.66666666666667,87.87083333333334,857.125,41.27916666666667,21.429166666666664,76.375,0.35874999999999996,1.3333333333333333,0.9874999999999999,171.20833333333334,116.70833333333333
2024-12-16,84.54166666666667,83.96666666666667,997.2083333333334,60.324999999999996,24.820833333333336,61.625,0.2275,0.875,0.9895833333333334,165.83333333333334,108.41666666666667
2024-12-17,82.70416666666667,81.85000000000001,924.4166666666666,52.69166666666666,31.070833333333336,73.66666666666667,0.3104166666666667,1.4583333333333333,0.8395833333333332,162.79166666666666,103.91666666666667
2024-12-18,80.15833333333333,79.24583333333334,938.0833333333334,36.42916666666667,23.704166666666666,92.0,0.4875,1.625,0.80625,164.95833333333334,107.16666666666667
2024-12-19,100.71666666666665,99.29166666666667,911.5833333333334,59.84583333333333,26.079166666666666,70.95833333333333,0.3841666666666667,2.25,0.93125,164.91666666666666,107.125
2024-12-20,97.82083333333333,96.8875,1083.9583333333333,55.37083333333334,24.370833333333334,73.41666666666667,0.375,1.4583333333333333,0.9458333333333333,175.375,122.91666666666667
2024-12-21,97.4375,96.92083333333333,915.625,66.12083333333334,33.104166666666664,38.208333333333336,0.35083333333333333,0.9583333333333334,0.32708333333333334,172.45833333333334,118.58333333333333
2024-12-22,89.88333333333333,89.37916666666666,1024.625,47.887499999999996,23.2375,61.375,0.49833333333333335,0.875,0.8520833333333333,170.95833333333334,116.33333333333333
2024-12-23,82.79166666666667,81.5125,908.2916666666666,43.97083333333333,21.891666666666666,70.04166666666667,0.39375,1.9166666666666667,0.9208333333333334,162.66666666666666,103.66666666666667
2024-12-24,91.29166666666667,89.10833333333333,962.625,48.98333333333333,22.745833333333334,60.375,0.4141666666666666,3.3333333333333335,0.9354166666666667,167.5,111.08333333333333
2024-12-25,73.09166666666667,72.03333333333333,1007.3333333333334,45.87083333333334,21.070833333333333,62.5,0.48,1.7083333333333333,0.8729166666666667,160.0,99.58333333333333
2024-12-26,69.07083333333334,68.12916666666666,811.0,45.47083333333333,18.654166666666665,59.875,0.5229166666666667,1.4583333333333333,0.8416666666666667,158.70833333333334,97.5
2024-12-27,55.800000000000004,55.041666666666664,701.125,31.2,14.516666666666666,72.16666666666667,0.2891666666666667,1.25,1.0104166666666667,154.33333333333334,90.91666666666667
2024-12-28,72.79583333333333,71.60416666666667,929.7916666666666,45.24166666666667,19.970833333333335,64.16666666666667,0.38083333333333336,1.9166666666666667,0.9583333333333334,152.375,88.41666666666667
2024-12-29,77.375,76.375,1061.625,44.49583333333334,17.170833333333334,63.583333333333336,0.42625,1.7916666666666667,0.9145833333333333,161.54166666666666,102.04166666666667
2024-12-30,87.82083333333333,86.92083333333333,962.2916666666666,35.199999999999996,20.233333333333334,79.33333333333333,0.5770833333333333,1.4583333333333333,0.8562500000000001,163.45833333333334,104.70833333333333
2024-12-31,76.86666666666666,75.65416666666667,660.7083333333334,21.224999999999998,14.079166666666666,75.58333333333333,0.60875,2.0,0.86875,163.54166666666666,104.91666666666667
2025-01-01,83.69583333333334,82.70416666666667,786.6666666666666,20.195833333333333,15.174999999999999,87.45833333333333,0.7075,1.75,0.8333333333333334,162.16666666666666,102.83333333333333
2025-01-02,88.30416666666667,87.31666666666666,874.375,24.329166666666666,16.2375,83.375,0.6695833333333333,1.625,0.8979166666666667,164.95833333333334,107.0
2025-01-03,116.30416666666667,112.77499999999999,1001.5,43.512499999999996,22.570833333333336,73.58333333333333,0.7558333333333334,6.166666666666667,0.8520833333333333,171.83333333333334,117.75
2025-01-04,112.15416666666665,107.06666666666666,1032.75,51.7125,20.0,67.29166666666667,0.5591666666666667,9.166666666666666,0.9520833333333334,182.54166666666666,133.79166666666666
2025-01-05,89.75833333333333,86.57083333333333,1130.8333333333333,60.67083333333333,18.275000000000002,48.041666666666664,0.4395833333333334,5.416666666666667,0.9937499999999999,171.29166666666666,116.66666666666667
2025-01-06,92.87083333333334,89.94166666666666,854.5833333333334,54.0375,19.724999999999998,43.291666666666664,0.45125,4.666666666666667,1.0083333333333333,168.16666666666666,112.08333333333333
2025-01-07,101.94166666666666,99.30416666666667,798.9166666666666,41.50833333333333,18.9375,84.20833333333333,0.8725,4.416666666666667,0.6729166666666666,169.16666666666666,113.5
2025-01-08,93.6875,92.0125,813.0,29.5,19.066666666666666,87.33333333333333,0.8445833333333334,3.0416666666666665,0.8270833333333334,169.0,113.125
2025-01-09,84.64166666666667,83.79583333333333,754.9583333333334,30.104166666666668,16.8625,73.70833333333333,0.4945833333333333,1.2916666666666667,1.0104166666666667,169.58333333333334,114.20833333333333
2025-01-10,105.34583333333335,104.24583333333334,891.9583333333334,40.09166666666667,21.1875,76.25,0.54125,1.75,0.9979166666666667,168.29166666666666,112.125
2025-01-11,100.58749999999999,99.20833333333333,1138.75,52.71666666666667,20.970833333333335,72.625,0.4283333333333333,2.3333333333333335,1.0708333333333333,175.20833333333334,122.58333333333333
2025-01-12,88.4875,86.7625,859.8333333333334,63.27916666666667,19.162499999999998,57.25,0.35708333333333336,2.9166666666666665,1.1104166666666666,170.79166666666666,115.79166666666667
2025-01-13,103.35833333333333,101.27499999999999,860.625,49.57916666666667,24.7,77.375,0.6687500000000001,3.625,0.9458333333333333,168.75,112.83333333333333
2025-01-14,100.07916666666667,98.39166666666667,868.2916666666666,30.429166666666664,17.383333333333333,84.75,0.7754166666666666,3.0,0.8791666666666668,177.08333333333334,125.54166666666667
2025-01-15,76.31666666666666,75.0625,790.5,27.891666666666666,15.195833333333333,78.95833333333333,0.5325000000000001,2.4166666666666665,0.9666666666666668,164.0,105.66666666666667
2025-01-16,73.99166666666666,73.27499999999999,818.9166666666666,34.53333333333333,18.162499999999998,73.08333333333333,0.4320833333333333,1.2083333333333333,1.0687499999999999,159.91666666666666,99.375
2025-01-17,71.12916666666666,70.53333333333333,767.875,30.9375,16.829166666666666,84.375,0.515,1.0,1.0166666666666668,158.125,96.54166666666667
2025-01-18,68.09166666666667,67.65416666666667,886.2916666666666,24.895833333333332,16.158333333333335,85.375,0.5458333333333333,0.75,1.0208333333333333,156.66666666666666,94.375
2025-01-19,75.07083333333334,74.26666666666667,742.7083333333334,24.133333333333336,15.7125,84.125,0.3983333333333334,1.25,1.1145833333333333,158.91666666666666,97.875
2025-01-20,101.69583333333333,100.47916666666667,795.1666666666666,30.90833333333333,20.591666666666665,90.25,0.5258333333333334,2.0,1.01875,164.75,106.79166666666667
2025-01-21,141.4125,140.35,1028.7083333333333,45.31666666666666,27.708333333333332,91.16666666666667,0.7954166666666667,1.7916666666666667,0.8937499999999999,184.25,136.33333333333334
2025-01-22,181.02083333333334,179.89583333333334,1118.7916666666667,76.35000000000001,36.704166666666666,67.16666666666667,0.9091666666666667,2.0416666666666665,0.8937499999999999,214.45833333333334,171.58333333333334
2025-01-23,186.97916666666666,182.33333333333334,1192.5416666666667,55.479166666666664,27.287499999999998,70.625,0.7670833333333333,8.291666666666666,1.0041666666666667,232.54166666666666,186.375
2025-01-24,195.92916666666667,188.65416666666667,1155.4583333333333,71.77083333333333,30.879166666666666,65.95833333333333,0.9441666666666667,12.416666666666666,0.9708333333333333,231.75,185.875
2025-01-25,170.67916666666667,165.34166666666667,869.5416666666666,54.162499999999994,27.95,66.04166666666667,1.2104166666666667,9.583333333333334,0.7958333333333333,230.875,185.16666666666666
2025-01-26,113.91666666666667,111.95416666666667,694.2916666666666,32.57083333333333,18.070833333333333,73.875,0.6475000000000001,3.2083333333333335,1.1125,194.54166666666666,150.54166666666666
2025-01-27,102.80833333333334,101.08333333333333,733.0416666666666,26.970833333333335,15.825000000000001,90.45833333333333,0.87,3.25,0.9125,174.16666666666666,121.16666666666667
2025-01-28,133.27916666666667,131.04166666666666,766.75,52.57083333333333,24.5125,91.70833333333333,0.8679166666666666,3.9166666666666665,0.8833333333333333,177.91666666666666,126.83333333333333
2025-01-29,170.025,167.00416666666666,1000.25,87.79166666666667,34.44583333333333,69.70833333333333,0.9154166666666667,5.166666666666667,0.9104166666666665,210.83333333333334,168.20833333333334
2025-01-30,120.2625,118.67083333333333,665.5833333333334,32.37916666666667,21.224999999999998,78.29166666666667,1.3595833333333334,1.9583333333333333,0.6270833333333333,199.375,156.79166666666666
2025-01-31,77.89999999999999,76.9375,510.5833333333333,22.224999999999998,12.466666666666667,76.79166666666667,1.33375,0.0,0.5,167.29166666666666,110.70833333333333
2025-02-01,128.49583333333334,127.37083333333334,741.2916666666666,45.87916666666666,23.354166666666668,72.33333333333333,1.2166666666666666,0.5416666666666666,0.8208333333333333,169.75,114.45833333333333
2025-02-02,175.64583333333334,172.225,965.125,61.5625,22.929166666666664,64.95833333333333,1.3054166666666667,5.541666666666667,0.8145833333333333,214.75,171.25
2025-02-03,118.72500000000001,110.46666666666665,870.2916666666666,51.39166666666667,19.504166666666666,67.33333333333333,0.4816666666666667,14.875,1.2583333333333333,203.54166666666666,160.45833333333334
2025-02-04,102.42916666666667,96.1375,732.2916666666666,38.63333333333333,18.7375,78.54166666666667,0.5270833333333333,11.5,1.2395833333333333,168.91666666666666,113.16666666666667
2025-02-05,143.2125,137.5,852.125,48.041666666666664,20.537499999999998,88.58333333333333,0.8695833333333334,10.208333333333334,1.0291666666666666,181.70833333333334,132.66666666666666
2025-02-06,120.17916666666667,117.29583333333333,821.7083333333334,38.329166666666666,22.09583333333333,87.45833333333333,0.6970833333333334,5.125,1.1166666666666667,194.04166666666666,151.41666666666666
2025-02-07,74.2375,70.62916666666666,687.4583333333334,36.94583333333333,18.8875,74.95833333333333,0.215,6.708333333333333,1.4479166666666667,165.08333333333334,107.41666666666667
2025-02-08,81.40416666666667,75.18333333333334,886.5833333333334,49.949999999999996,22.025000000000002,75.25,0.24375000000000002,11.166666666666666,1.3479166666666667,161.83333333333334,102.125
2025-02-09,88.28333333333335,81.58749999999999,701.2916666666666,26.587500000000002,18.220833333333335,100.75,0.4375,12.25,1.2375,158.375,97.125
2025-02-10,128.24583333333334,117.925,938.9166666666666,48.225,27.641666666666666,97.58333333333333,0.5116666666666666,18.916666666666668,1.1770833333333333,174.625,121.83333333333333
2025-02-11,97.70833333333333,95.27916666666665,656.5,37.9375,17.808333333333334,77.79166666666667,0.6079166666666667,3.9166666666666665,1.0208333333333333,177.0,125.45833333333333
2025-02-12,85.08333333333333,83.46249999999999,563.25,30.679166666666664,16.275000000000002,74.95833333333333,0.8962500000000001,1.75,0.7395833333333334,165.83333333333334,108.45833333333333
2025-02-13,71.15833333333333,66.00833333333334,500.0,29.900000000000002,13.120833333333332,66.25,0.7191666666666666,7.666666666666667,0.96875,159.66666666666666,99.08333333333333
2025-02-14,69.5625,63.57083333333333,630.5416666666666,42.300000000000004,17.729166666666668,73.625,0.30375,10.708333333333334,1.5083333333333335,157.25,95.58333333333333
2025-02-15,79.34166666666667,74.79583333333333,884.8333333333334,53.00833333333333,24.40833333333333,71.95833333333333,0.25833333333333336,8.166666666666666,1.53125,159.20833333333334,98.5
2025-02-16,90.53750000000001,86.6375,864.0833333333334,49.050000000000004,22.508333333333336,84.04166666666667,0.4920833333333334,6.958333333333333,1.3875,160.08333333333334,99.79166666666667
2025-02-17,77.83749999999999,75.20833333333333,515.25,34.88333333333333,20.279166666666665,86.58333333333333,0.7287499999999999,3.5,1.3083333333333333,163.16666666666666,104.375
2025-02-18,102.55833333333334,96.78333333333335,636.0,41.891666666666666,24.8625,90.70833333333333,0.9679166666666666,9.666666666666666,1.1395833333333332,166.33333333333334,108.95833333333333
2025-02-19,126.72500000000001,118.22500000000001,816.6666666666666,49.25416666666666,26.087500000000002,98.91666666666667,0.9395833333333333,15.208333333333334,1.1208333333333333,180.75,130.125
2025-02-20,126.89583333333333,116.35416666666667,995.0416666666666,51.43333333333334,20.904166666666665,95.375,1.0766666666666667,18.875,1.1354166666666667,180.08333333333334,130.125
2025-02-21,113.52499999999999,105.92916666666667,746.5833333333334,42.24583333333333,19.791666666666668,85.16666666666667,0.9991666666666666,13.125,1.1770833333333333,183.29166666666666,134.95833333333334
2025-02-22,114.80416666666667,107.84583333333335,754.375,45.387499999999996,25.616666666666664,83.54166666666667,1.0554166666666667,12.75,1.1458333333333333,174.375,121.20833333333333
2025-02-23,111.57916666666667,102.4375,809.2083333333334,36.75416666666667,24.96666666666667,97.25,1.1741666666666666,16.833333333333332,0.94375,174.33333333333334,121.33333333333333
2025-02-24,123.77083333333333,109.14166666666667,613.2083333333334,45.35833333333333,20.108333333333334,92.20833333333333,0.80375,26.916666666666668,1.2354166666666666,178.5,127.79166666666667
2025-02-25,99.21249999999999,82.52916666666667,629.625,47.1625,22.641666666666666,84.875,0.6825,30.541666666666668,1.2750000000000001,170.70833333333334,115.91666666666667
2025-02-26,83.2375,72.27499999999999,633.6666666666666,36.541666666666664,16.483333333333334,92.58333333333333,0.52625,20.083333333333332,1.5104166666666667,160.875,100.83333333333333
2025-02-27,96.6125,84.675,673.5416666666666,41.766666666666666,17.441666666666666,92.41666666666667,0.7324999999999999,21.791666666666668,1.4604166666666665,160.20833333333334,99.95833333333333
2025-02-28,146.375,129.45416666666668,676.9166666666666,59.775,28.925,86.45833333333333,1.1741666666666666,31.541666666666668,0.8791666666666668,177.79166666666666,126.58333333333333
2025-03-01,133.33333333333334,111.05416666666667,691.0,46.275,22.620833333333334,95.04166666666667,0.7999999999999999,41.208333333333336,1.1395833333333332,190.54166666666666,145.83333333333334
2025-03-02,75.28750000000001,61.17916666666667,604.7083333333334,26.829166666666666,15.916666666666666,89.33333333333333,0.73375,26.333333333333332,1.10625,159.25,98.5
2025-03-03,74.50416666666666,58.47083333333333,698.375,36.737500000000004,17.629166666666666,68.45833333333333,0.725,29.625,1.1624999999999999,155.04166666666666,92.20833333333333
2025-03-04,62.07083333333333,47.012499999999996,502.6666666666667,28.55,15.5375,83.45833333333333,0.40958333333333335,27.833333333333332,1.7083333333333333,147.20833333333334,83.95833333333333
2025-03-05,102.34166666666665,46.51666666666667,435.4583333333333,24.2,13.375,90.29166666666667,0.4166666666666667,103.625,1.7270833333333335,111.375,72.58333333333333
2025-03-06,82.77499999999999,49.55416666666667,459.2083333333333,25.46666666666667,18.804166666666667,118.70833333333333,0.47,60.958333333333336,1.5958333333333332,151.0,84.70833333333333
2025-03-07,99.54166666666667,55.74166666666667,556.5416666666666,24.891666666666666,15.862499999999999,112.54166666666667,0.32083333333333336,78.875,1.7791666666666668,136.79166666666666,79.25
2025-03-08,111.08749999999999,73.87916666666666,683.8333333333334,43.725,21.920833333333334,101.79166666666667,0.5125000000000001,67.04166666666667,1.5875000000000001,160.29166666666666,96.54166666666667
2025-03-09,73.11666666666666,62.92916666666667,585.8333333333334,25.545833333333334,19.691666666666666,122.45833333333333,0.5975,17.875,1.425,161.75,88.79166666666667
2025-03-10,95.29166666666667,81.49166666666666,652.6666666666666,36.3375,21.020833333333332,116.375,0.6245833333333334,25.125,1.6520833333333333,164.95833333333334,100.91666666666667
2025-03-11,101.60833333333333,92.95416666666667,632.9583333333334,42.85,21.40833333333333,99.33333333333333,0.8445833333333334,15.875,1.3916666666666666,169.33333333333334,113.54166666666667
2025-03-12,83.3125,72.14999999999999,590.75,28.491666666666664,19.266666666666666,104.95833333333333,0.7316666666666666,20.208333333333332,1.5104166666666667,164.875,105.0
2025-03-13,43.35,35.49166666666667,420.875,16.941666666666666,12.454166666666666,90.41666666666667,0.44458333333333333,14.458333333333334,1.7083333333333333,130.95833333333334,79.79166666666667
2025-03-14,40.75,37.75416666666667,388.5416666666667,11.625,10.454166666666667,92.70833333333333,0.6595833333333333,3.5,1.5416666666666667,103.29166666666667,68.875
2025-03-15,46.25,41.47083333333333,398.75,11.954166666666666,10.883333333333333,91.5,0.6683333333333333,6.958333333333333,1.4854166666666666,107.04166666666667,70.375
2025-03-16,41.99583333333333,37.56666666666667,464.7916666666667,17.599999999999998,12.733333333333334,91.33333333333333,0.6120833333333333,6.916666666666667,1.7937500000000002,114.04166666666667,71.75
2025-03-17,32.34583333333333,29.15833333333333,506.4166666666667,14.700000000000001,13.691666666666668,87.79166666666667,0.9791666666666666,4.875,1.0854166666666667,104.91666666666667,68.16666666666667
2025-03-18,46.30833333333334,32.545833333333334,468.5,17.754166666666666,14.279166666666667,97.16666666666667,0.6633333333333333,25.333333333333332,1.6624999999999999,99.625,64.45833333333333
2025-03-19,67.42916666666666,54.12083333333334,640.4166666666666,26.820833333333336,18.770833333333332,99.41666666666667,0.5020833333333333,24.0,1.65625,125.20833333333333,76.0
2025-03-20,67.33333333333333,60.479166666666664,486.9166666666667,15.720833333333333,17.366666666666667,114.16666666666667,1.2270833333333333,11.75,1.0791666666666666,147.20833333333334,83.125
2025-03-21,63.49166666666667,58.762499999999996,555.3333333333334,18.325,15.445833333333333,112.66666666666667,1.4166666666666667,8.458333333333334,0.86875,155.95833333333334,93.54166666666667
2025-03-22,61.75416666666666,59.92083333333333,496.25,38.958333333333336,27.224999999999998,72.75,0.7266666666666667,3.125,0.65,143.20833333333334,82.41666666666667
2025-03-23,75.0,69.51666666666667,652.3333333333334,33.44583333333333,23.650000000000002,117.54166666666667,0.6745833333333334,10.083333333333334,1.5562500000000001,166.33333333333334,97.20833333333333
2025-03-24,74.01666666666667,61.854166666666664,476.75,26.820833333333336,17.904166666666665,121.08333333333333,0.5454166666666667,22.791666666666668,1.6416666666666666,160.04166666666666,92.45833333333333
2025-03-25,59.55833333333334,49.67916666666667,535.4583333333334,23.366666666666664,14.166666666666666,121.16666666666667,0.4033333333333333,18.583333333333332,1.9333333333333333,150.66666666666666,82.66666666666667
2025-03-26,81.55833333333334,73.06666666666666,616.8333333333334,36.125,24.287499999999998,124.20833333333333,0.6887500000000001,16.041666666666668,1.6979166666666667,164.08333333333334,88.83333333333333
2025-03-27,77.36666666666666,68.54583333333333,521.5833333333334,31.4375,19.337500000000002,107.33333333333333,0.8541666666666666,16.5,1.4229166666666666,161.83333333333334,97.25
2025-03-28,49.73333333333333,39.641666666666666,430.6666666666667,15.041666666666666,14.275,112.45833333333333,0.46291666666666664,18.833333333333332,2.0749999999999997,148.41666666666666,81.45833333333333
2025-03-29,56.56666666666666,42.73333333333333,460.0833333333333,15.6,12.779166666666667,110.25,0.3345833333333333,25.583333333333332,2.1458333333333335,129.125,75.16666666666667
2025-03-30,57.63333333333333,46.083333333333336,412.2916666666667,15.8125,11.5,95.95833333333333,0.5333333333333333,20.875,1.8583333333333334,117.20833333333333,73.04166666666667
2025-03-31,50.229166666666664,43.833333333333336,371.9166666666667,13.154166666666667,10.0625,98.16666666666667,0.6475,10.916666666666666,1.8354166666666665,121.0,74.20833333333333
2025-04-01,53.03333333333333,44.55833333333334,330.2916666666667,10.4,9.674999999999999,94.83333333333333,0.7854166666666668,14.416666666666666,1.59375,125.66666666666667,76.54166666666667
2025-04-02,51.0,43.00833333333333,338.5833333333333,12.545833333333334,13.237499999999999,100.04166666666667,0.6891666666666666,13.541666666666666,1.7729166666666665,123.125,73.375
2025-04-03,50.73333333333333,43.04583333333333,359.8333333333333,14.941666666666668,14.4,102.0,0.7941666666666666,13.708333333333334,1.6104166666666666,130.75,76.125
2025-04-04,53.55416666666667,46.8375,472.7083333333333,19.066666666666666,18.5,114.29166666666667,0.8258333333333333,12.458333333333334,1.2,133.79166666666666,76.45833333333333
2025-04-05,52.86666666666667,47.199999999999996,508.625,16.658333333333335,17.404166666666665,115.08333333333333,0.8545833333333334,9.958333333333334,1.5229166666666665,137.66666666666666,77.75
2025-04-06,45.62916666666666,41.395833333333336,359.5416666666667,14.766666666666666,12.504166666666668,95.375,0.8008333333333333,6.958333333333333,1.5062499999999999,118.83333333333333,73.0
2025-04-07,58.583333333333336,51.2125,470.375,20.833333333333332,15.1,91.25,1.01375,12.791666666666666,1.4333333333333333,135.08333333333334,79.33333333333333
2025-04-08,46.96666666666667,40.229166666666664,369.625,14.904166666666667,12.1,84.83333333333333,0.8424999999999999,11.291666666666666,1.5812499999999998,130.29166666666666,78.08333333333333
2025-04-09,21.7625,19.037499999999998,468.7083333333333,15.775,12.695833333333333,70.95833333333333,0.4666666666666666,3.0,1.9375,86.95833333333333,59.75
2025-04-10,17.8875,16.32916666666667,299.7916666666667,13.3125,9.558333333333334,70.75,0.36000000000000004,1.5416666666666667,1.8083333333333333,63.166666666666664,41.166666666666664
2025-04-11,24.566666666666666,21.1375,306.625,15.691666666666668,11.883333333333333,68.83333333333333,0.6041666666666666,4.916666666666667,1.8291666666666666,63.208333333333336,41.958333333333336
2025-04-12,41.145833333333336,23.920833333333334,337.5416666666667,15.4,13.866666666666667,92.45833333333333,0.6083333333333333,31.541666666666668,1.8812499999999999,87.20833333333333,51.166666666666664
2025-04-13,54.4,41.94583333333333,476.375,21.645833333333332,19.125,129.08333333333334,0.8075,23.0,1.6791666666666665,125.16666666666667,69.20833333333333
2025-04-14,65.93333333333334,56.35,514.625,29.079166666666666,21.104166666666668,135.91666666666666,0.88625,18.166666666666668,1.6666666666666667,158.16666666666666,80.79166666666667
2025-04-15,85.26666666666667,71.77083333333333,488.2916666666667,26.983333333333334,20.866666666666667,129.20833333333334,1.3066666666666666,23.791666666666668,1.1187500000000001,166.29166666666666,92.375
2025-04-16,52.13333333333333,41.6875,416.375,16.629166666666666,14.558333333333332,104.20833333333333,1.1079166666666667,19.708333333333332,1.3125,147.45833333333334,84.79166666666667
2025-04-17,45.99166666666667,36.36666666666667,375.7083333333333,18.333333333333332,13.279166666666667,81.08333333333333,0.9870833333333334,17.291666666666668,1.3458333333333332,106.16666666666667,70.375
2025-04-18,40.7,32.083333333333336,397.7916666666667,16.7375,12.299999999999999,73.08333333333333,1.0745833333333332,14.833333333333334,1.5125,101.08333333333333,68.66666666666667
2025-04-19,46.55833333333334,35.86666666666667,376.125,15.237499999999999,13.908333333333333,107.83333333333333,1.1345833333333333,18.916666666666668,1.5104166666666667,104.16666666666667,66.875
2025-04-20,36.0875,30.645833333333332,373.625,19.045833333333334,12.775,81.20833333333333,0.9258333333333333,9.5,0.9604166666666667,95.79166666666667,66.54166666666667
2025-04-21,34.97083333333333,30.058333333333334,388.375,17.666666666666668,10.045833333333333,72.95833333333333,1.0645833333333334,7.625,0.8020833333333334,87.5,63.75
2025-04-22,49.55833333333334,42.041666666666664,309.4583333333333,11.841666666666667,7.691666666666666,77.25,0.9608333333333334,11.875,1.1895833333333334,105.08333333333333,69.83333333333333
2025-04-23,45.525,39.375,290.7083333333333,10.529166666666667,7.3125,87.58333333333333,0.7691666666666667,9.5,1.539583333333333,115.29166666666667,73.33333333333333
2025-04-24,34.24166666666667,29.608333333333334,273.9583333333333,8.775,6.691666666666666,84.41666666666667,0.60875,6.583333333333333,1.5833333333333333,98.66666666666667,67.79166666666667
2025-04-25,22.28333333333333,19.425,250.75,9.475,7.1375,70.91666666666667,0.505,2.7083333333333335,1.9958333333333333,73.58333333333333,52.625
2025-04-26,25.991666666666664,21.162499999999998,228.66666666666666,9.504166666666666,6.9750000000000005,66.91666666666667,0.5870833333333333,6.416666666666667,2.0645833333333337,69.66666666666667,45.5
2025-04-27,35.72083333333333,30.741666666666664,261.6666666666667,18.1875,10.104166666666666,74.54166666666667,0.98375,6.625,1.4833333333333334,75.33333333333333,52.166666666666664
2025-04-28,36.608333333333334,34.42916666666667,495.6666666666667,23.1125,15.4125,83.625,1.2008333333333334,3.1666666666666665,1.1375,102.625,67.5
2025-04-29,49.354166666666664,45.86666666666667,527.625,27.833333333333332,17.037499999999998,103.25,1.0208333333333333,6.166666666666667,1.2583333333333333,115.375,71.125
2025-04-30,59.04583333333333,53.57083333333333,601.125,29.895833333333332,17.195833333333333,114.875,1.0883333333333334,10.208333333333334,1.3791666666666667,152.04166666666666,82.41666666666667
2025-05-01,57.0375,51.4625,833.2083333333334,22.745833333333334,19.670833333333334,134.70833333333334,0.8904166666666667,10.166666666666666,1.59375,162.54166666666666,84.16666666666667
2025-05-02,58.02916666666667,52.76666666666667,659.4583333333334,29.2625,19.537499999999998,129.33333333333334,0.88,9.583333333333334,1.6708333333333334,157.91666666666666,80.41666666666667
2025-05-03,41.270833333333336,36.983333333333334,369.1666666666667,18.420833333333334,15.191666666666668,104.58333333333333,0.9279166666666666,7.583333333333333,1.2145833333333333,130.41666666666666,75.625
2025-05-04,34.45,30.662499999999998,357.3333333333333,17.820833333333333,13.879166666666668,94.66666666666667,0.8333333333333334,6.875,1.7604166666666667,109.75,68.29166666666667
2025-05-05,45.012499999999996,39.9,365.3333333333333,29.729166666666668,15.891666666666666,89.95833333333333,0.8129166666666667,8.958333333333334,1.575,106.625,67.375
2025-05-06,51.166666666666664,45.145833333333336,427.25,24.4375,17.070833333333333,112.625,1.0029166666666667,10.583333333333334,1.3708333333333333,134.04166666666666,74.33333333333333
2025-05-07,67.02499999999999,58.050000000000004,479.2083333333333,26.2625,20.229166666666668,124.375,0.8337499999999999,17.208333333333332,1.7854166666666667,157.29166666666666,82.16666666666667
2025-05-08,63.112500000000004,48.0875,388.8333333333333,16.966666666666665,15.666666666666666,122.41666666666667,0.8875000000000001,28.791666666666668,1.6958333333333335,153.375,82.08333333333333
2025-05-09,61.63333333333333,46.87083333333334,442.625,17.20416666666667,16.991666666666667,121.41666666666667,0.9308333333333333,28.833333333333332,1.7437500000000001,139.33333333333334,76.58333333333333
2025-05-10,69.5,56.65416666666667,505.7916666666667,17.5125,18.904166666666665,127.95833333333333,0.8479166666666668,24.791666666666668,1.8645833333333333,152.625,82.54166666666667
2025-05-11,74.05416666666666,66.25,509.7916666666667,18.770833333333332,21.958333333333332,139.54166666666666,1.0725,15.208333333333334,1.4604166666666665,164.25,90.45833333333333
2025-05-12,54.98333333333333,49.10833333333333,411.7083333333333,15.262500000000001,14.0375,104.95833333333333,1.10625,10.041666666666666,1.5479166666666666,150.91666666666666,86.70833333333333
2025-05-13,43.25,37.8125,365.125,13.866666666666667,10.674999999999999,78.0,1.1229166666666666,8.5,1.3812499999999999,115.33333333333333,73.375
2025-05-14,36.979166666666664,30.391666666666666,343.625,13.283333333333333,9.012500000000001,71.45833333333333,0.7945833333333333,10.458333333333334,1.7916666666666667,97.54166666666667,67.375
2025-05-15,41.891666666666666,33.5375,358.7916666666667,14.424999999999999,9.470833333333333,73.0,0.8975,14.333333333333334,1.6708333333333334,89.41666666666667,64.45833333333333
2025-05-16,41.62083333333333,33.92916666666667,297.4583333333333,13.133333333333333,9.595833333333333,72.45833333333333,0.9908333333333333,13.083333333333334,1.8166666666666667,100.66666666666667,68.66666666666667
2025-05-17,30.741666666666664,22.983333333333334,275.9166666666667,10.895833333333334,8.262500000000001,68.95833333333333,0.79625,14.041666666666666,1.8229166666666667,88.625,63.833333333333336
2025-05-18,20.425,16.9375,316.25,17.220833333333335,11.9625,60.0,0.5741666666666667,5.375,1.3416666666666666,66.25,41.875
2025-05-19,25.266666666666666,19.2375,350.2916666666667,19.570833333333333,14.9125,55.416666666666664,0.63,10.0,1.0895833333333333,59.458333333333336,33.166666666666664
2025-05-20,23.96666666666667,18.3875,272.4166666666667,17.375,12.112499999999999,51.208333333333336,0.6029166666666667,9.166666666666666,1.1958333333333333,68.29166666666667,42.5
2025-05-21,18.958333333333332,14.866666666666667,324.1666666666667,14.666666666666666,9.450000000000001,53.833333333333336,0.5708333333333333,5.541666666666667,1.1395833333333334,58.5,33.458333333333336
2025-05-22,20.479166666666668,16.104166666666668,401.125,16.608333333333334,13.404166666666667,51.666666666666664,0.5783333333333334,7.0,1.6666666666666667,57.833333333333336,36.125
2025-05-23,25.020833333333332,20.545833333333334,361.5,23.65833333333333,16.962500000000002,51.916666666666664,0.4770833333333333,7.416666666666667,2.0437499999999997,61.291666666666664,38.75
2025-05-24,15.012500000000001,14.333333333333334,313.875,20.220833333333335,13.958333333333334,50.458333333333336,0.25625000000000003,0.7083333333333334,1.71875,62.208333333333336,36.5
2025-05-25,20.683333333333334,19.879166666666666,348.3333333333333,22.170833333333334,14.541666666666666,54.208333333333336,0.27791666666666665,0.4166666666666667,1.0916666666666666,61.708333333333336,38.875
2025-05-26,25.170833333333334,24.558333333333334,489.625,22.1875,12.641666666666666,58.666666666666664,0.45333333333333337,0.3333333333333333,1.2145833333333333,71.0,49.0
2025-05-27,29.712500000000002,29.474999999999998,478.375,29.3625,13.987499999999999,93.41666666666667,0.33749999999999997,0.125,2.191666666666667,94.5,62.291666666666664
2025-05-28,12.049999999999999,11.920833333333334,376.6666666666667,13.395833333333334,10.579166666666667,71.0,0.14458333333333334,0.0,1.8062500000000001,75.41666666666667,53.0
2025-05-29,7.125,6.95,285.875,11.245833333333332,6.495833333333334,57.916666666666664,0.07583333333333334,0.0,0.30416666666666664,38.375,23.666666666666668
2025-05-30,17.116666666666667,17.054166666666667,309.75,15.095833333333333,10.6875,74.375,0.32458333333333333,0.041666666666666664,0.8708333333333332,38.5,31.375
2025-05-31,17.841666666666665,16.891666666666666,302.0833333333333,14.85,8.7125,68.125,0.69,1.125,0.5645833333333333,66.20833333333333,39.458333333333336
2025-06-01,22.287499999999998,20.775,364.25,14.916666666666666,9.745833333333334,92.0,1.1616666666666666,2.5,0.47291666666666665,60.541666666666664,40.458333333333336
2025-06-02,39.75833333333333,30.683333333333334,405.8333333333333,14.666666666666666,10.700000000000001,90.625,1.3245833333333332,18.041666666666668,0.68125,80.75,57.333333333333336
2025-06-03,44.24583333333334,33.170833333333334,397.875,15.495833333333332,12.049999999999999,86.08333333333333,1.0887499999999999,19.291666666666668,1.5291666666666668,98.125,67.54166666666667
2025-06-04,29.912499999999998,25.858333333333334,293.2916666666667,19.129166666666666,12.512500000000001,63.791666666666664,0.9420833333333333,6.083333333333333,0.41041666666666665,82.5,61.0
2025-06-05,28.6375,23.974999999999998,391.0416666666667,18.75,15.216666666666667,80.0,0.90125,7.708333333333333,1.2208333333333334,79.04166666666667,59.458333333333336
2025-06-06,55.42916666666667,46.237500000000004,356.7083333333333,23.333333333333332,17.587500000000002,87.25,0.99125,16.5,1.23125,97.45833333333333,65.79166666666667
2025-06-07,57.8125,49.55833333333334,464.0833333333333,22.0625,18.366666666666667,89.91666666666667,0.9045833333333334,14.791666666666666,1.7458333333333333,140.79166666666666,81.5
2025-06-08,67.42916666666666,60.06666666666666,566.5833333333334,28.945833333333336,18.695833333333333,100.95833333333333,0.7825000000000001,13.291666666666666,2.0229166666666667,141.95833333333334,80.29166666666667
2025-06-09,66.9875,59.79583333333333,501.125,26.670833333333334,17.974999999999998,91.125,0.96375,12.958333333333334,1.9166666666666667,154.08333333333334,89.33333333333333
2025-06-10,53.416666666666664,48.07083333333333,402.25,19.579166666666666,13.612499999999999,82.125,0.8758333333333334,9.416666666666666,1.8729166666666668,148.66666666666666,85.08333333333333
2025-06-11,35.77916666666666,33.208333333333336,440.8333333333333,18.1125,13.716666666666667,76.125,0.6920833333333333,4.083333333333333,1.8708333333333333,116.79166666666667,73.75
2025-06-12,28.933333333333334,27.829166666666666,372.2916666666667,22.5125,12.995833333333332,64.875,0.36624999999999996,1.7916666666666667,1.8145833333333332,85.20833333333333,62.916666666666664
2025-06-13,30.25,28.775000000000002,282.2916666666667,19.395833333333332,15.058333333333332,78.625,0.4033333333333333,1.9166666666666667,2.277083333333333,88.125,63.25
2025-06-14,26.395833333333332,25.079166666666666,264.9166666666667,18.295833333333334,12.704166666666666,56.125,0.49125,1.3333333333333333,1.5479166666666666,83.75,62.291666666666664
2025-06-15,21.5625,20.370833333333334,299.0416666666667,16.945833333333333,11.804166666666667,55.958333333333336,0.35125,1.625,1.90625,74.125,53.333333333333336
2025-06-16,12.658333333333333,12.020833333333334,267.7916666666667,13.875,10.029166666666667,57.208333333333336,0.21625000000000003,0.0,1.8041666666666665,58.375,34.291666666666664
2025-06-17,12.15,11.720833333333333,268.2083333333333,11.154166666666667,8.783333333333333,70.08333333333333,0.3458333333333334,0.0,1.075,46.25,29.875
2025-06-18,14.604166666666666,14.3125,269.875,15.679166666666667,9.683333333333334,58.416666666666664,0.28250000000000003,0.4166666666666667,0.4083333333333334,51.375,26.166666666666668
2025-06-19,26.0625,20.508333333333333,226.83333333333334,10.354166666666666,8.533333333333333,79.66666666666667,0.3870833333333333,9.458333333333334,2.2291666666666665,63.791666666666664,39.0
2025-06-20,18.883333333333333,16.916666666666668,273.2083333333333,14.270833333333334,9.154166666666667,64.25,0.37166666666666665,2.5,0.86875,62.791666666666664,36.708333333333336
2025-06-21,37.791666666666664,33.05833333333333,299.7916666666667,16.441666666666666,12.004166666666668,74.70833333333333,0.7716666666666666,7.958333333333333,1.0083333333333333,72.625,49.041666666666664
2025-06-22,28.012500000000003,24.087500000000002,265.1666666666667,13.695833333333333,9.8375,66.95833333333333,0.64,6.208333333333333,1.6125,94.04166666666667,66.125
2025-06-23,16.745833333333334,15.012500000000001,258.8333333333333,14.1,9.216666666666667,59.375,0.40041666666666664,2.0416666666666665,1.6895833333333332,63.25,38.583333333333336
2025-06-24,13.683333333333332,12.841666666666667,285.25,14.404166666666667,9.454166666666667,58.5,0.3441666666666667,0.16666666666666666,1.3041666666666667,53.166666666666664,29.416666666666668
2025-06-25,12.362499999999999,11.320833333333333,248.08333333333334,13.049999999999999,8.608333333333333,57.333333333333336,0.24458333333333335,0.875,1.0354166666666667,51.041666666666664,27.083333333333332
2025-06-26,11.8375,9.8125,217.66666666666666,9.345833333333333,7.1625000000000005,59.958333333333336,0.23708333333333334,2.2083333333333335,1.4770833333333335,42.375,24.833333333333332
2025-06-27,14.700000000000001,11.833333333333334,223.66666666666666,10.137500000000001,7.816666666666666,60.958333333333336,0.2891666666666667,3.5833333333333335,1.6395833333333334,45.333333333333336,25.666666666666668
2025-06-28,16.383333333333333,14.354166666666666,261.6666666666667,12.445833333333333,9.0875,66.54166666666667,0.32708333333333334,2.9583333333333335,2.2395833333333335,51.375,29.791666666666668
2025-06-29,15.483333333333334,14.154166666666667,262.0,11.841666666666667,9.691666666666666,72.95833333333333,0.3283333333333333,1.5416666666666667,2.158333333333333,56.541666666666664,34.541666666666664
2025-06-30,14.754166666666668,13.179166666666667,256.4583333333333,9.85,8.3125,79.625,0.34791666666666665,1.75,1.8166666666666667,52.125,34.166666666666664
2025-07-01,14.275,13.012500000000001,261.9583333333333,12.9625,8.983333333333333,64.75,0.3591666666666667,1.125,1.3270833333333332,53.25,30.041666666666668
2025-07-02,11.450000000000001,10.237499999999999,240.45833333333334,11.570833333333333,8.729166666666666,57.208333333333336,0.2275,0.7083333333333334,1.6895833333333332,49.666666666666664,26.875
2025-07-03,10.545833333333333,9.420833333333333,226.66666666666666,9.991666666666667,7.495833333333334,62.208333333333336,0.21916666666666665,0.625,1.5395833333333335,38.666666666666664,24.958333333333332
2025-07-04,11.895833333333334,11.495833333333332,260.0,13.2875,9.325000000000001,61.416666666666664,0.23666666666666666,0.08333333333333333,1.34375,41.0,25.166666666666668
2025-07-05,13.645833333333334,13.191666666666668,276.8333333333333,12.954166666666666,9.1625,61.541666666666664,0.29041666666666666,0.041666666666666664,1.5729166666666667,52.458333333333336,29.333333333333332
2025-07-06,11.325000000000001,10.450000000000001,261.25,11.733333333333334,8.720833333333333,61.458333333333336,0.21541666666666667,0.75,1.64375,48.291666666666664,27.5
2025-07-07,12.470833333333333,11.966666666666667,286.5416666666667,15.329166666666666,9.779166666666667,53.0,0.14458333333333334,0.375,1.0729166666666667,45.5,25.208333333333332
2025-07-08,15.933333333333332,15.0625,285.5833333333333,14.4375,8.841666666666667,61.291666666666664,0.2754166666666667,0.7916666666666666,0.6145833333333334,53.5,29.083333333333332
2025-07-09,16.662499999999998,13.924999999999999,261.2083333333333,10.775,6.8875,65.33333333333333,0.3329166666666667,4.125,0.9416666666666668,55.0,29.458333333333332
2025-07-10,19.625,15.1,247.95833333333334,11.2875,7.754166666666666,57.916666666666664,0.41625,6.75,0.9229166666666666,54.541666666666664,29.041666666666668
2025-07-11,21.704166666666666,17.141666666666666,264.6666666666667,14.254166666666668,9.141666666666667,51.458333333333336,0.34375,6.833333333333333,1.53125,59.5,33.25
2025-07-12,24.116666666666664,22.34583333333333,381.5833333333333,17.358333333333334,11.987499999999999,67.25,0.3979166666666667,2.4166666666666665,2.275,66.45833333333333,44.583333333333336
2025-07-13,23.741666666666664,22.729166666666668,429.875,20.333333333333332,12.3125,50.25,0.4725,1.2916666666666667,0.8999999999999999,74.45833333333333,53.916666666666664
2025-07-14,13.520833333333334,13.208333333333334,302.7083333333333,14.112499999999999,9.549999999999999,59.208333333333336,0.225,0.25,0.8604166666666666,63.375,37.833333333333336
2025-07-15,20.4375,17.900000000000002,256.5,11.8125,8.016666666666667,63.833333333333336,0.44458333333333333,3.7083333333333335,1.15625,51.75,29.291666666666668
2025-07-16,34.40416666666667,26.458333333333332,272.0416666666667,14.808333333333332,8.575000000000001,46.208333333333336,0.6316666666666667,13.0,1.0708333333333333,74.5,52.875
2025-07-17,40.791666666666664,31.9875,316.5833333333333,21.754166666666666,16.204166666666666,43.625,0.6,14.541666666666666,0.88125,84.83333333333333,62.791666666666664
2025-07-18,33.762499999999996,27.125,312.4583333333333,17.129166666666666,11.691666666666668,51.666666666666664,0.6145833333333334,11.0,2.0187500000000003,89.54166666666667,64.41666666666667
2025-07-19,32.666666666666664,29.320833333333336,291.0416666666667,18.058333333333334,11.166666666666666,45.333333333333336,0.7091666666666666,4.916666666666667,1.7375,85.54166666666667,62.958333333333336
2025-07-20,29.520833333333332,27.054166666666664,420.375,19.870833333333334,14.6875,45.916666666666664,0.5754166666666667,3.2083333333333335,1.7104166666666665,78.66666666666667,58.791666666666664
2025-07-21,28.608333333333334,27.412499999999998,355.625,20.729166666666668,15.841666666666667,59.875,0.56625,1.5416666666666667,2.0416666666666665,86.375,63.291666666666664
2025-07-22,29.195833333333336,27.712500000000002,316.7916666666667,21.866666666666664,17.604166666666668,49.75,0.5433333333333333,1.4583333333333333,1.8375000000000001,83.04166666666667,62.0
2025-07-23,44.5375,43.25833333333333,412.9166666666667,32.87916666666667,18.479166666666668,67.95833333333333,0.625,1.2083333333333333,1.9979166666666668,95.04166666666667,65.58333333333333
2025-07-24,21.566666666666666,21.40416666666667,521.8333333333334,20.604166666666668,14.895833333333334,59.541666666666664,0.49791666666666673,0.0,1.7145833333333333,103.0,68.95833333333333
2025-07-25,9.8375,9.604166666666666,311.0,11.033333333333333,7.3875,66.08333333333333,0.1829166666666667,0.0,2.1395833333333334,62.125,37.708333333333336
2025-07-26,9.362499999999999,8.641666666666667,240.16666666666666,10.3125,7.604166666666667,62.458333333333336,0.18791666666666665,0.0,1.9979166666666668,32.583333333333336,25.125
2025-07-27,21.020833333333332,19.95,265.375,17.975,9.516666666666667,59.625,0.45166666666666666,0.4166666666666667,0.8708333333333332,49.125,28.958333333333332
2025-07-28,23.1125,22.47083333333333,305.2916666666667,18.9375,12.029166666666667,60.666666666666664,0.55625,0.5416666666666666,1.1208333333333333,72.91666666666667,51.041666666666664
2025-07-29,19.804166666666667,18.929166666666667,262.125,15.4375,11.020833333333334,64.83333333333333,0.45166666666666666,1.25,1.2708333333333333,69.5,44.708333333333336
2025-07-30,14.920833333333333,12.483333333333334,225.5,11.520833333333334,8.112499999999999,58.041666666666664,0.28125,3.2083333333333335,1.2895833333333333,59.291666666666664,33.125
2025-07-31,15.695833333333333,15.008333333333333,248.45833333333334,12.950000000000001,10.245833333333334,64.125,0.33791666666666664,0.625,1.6791666666666665,51.041666666666664,29.375
2025-08-01,33.99583333333333,28.97083333333333,266.125,14.329166666666666,10.558333333333334,67.95833333333333,0.8783333333333333,9.166666666666666,0.7583333333333333,66.16666666666667,42.041666666666664
2025-08-02,28.895833333333332,24.141666666666666,286.0416666666667,12.975,8.541666666666666,62.708333333333336,0.7512500000000001,7.875,0.8250000000000001,88.45833333333333,64.16666666666667
2025-08-03,30.849999999999998,24.212500000000002,246.125,13.358333333333334,8.2875,53.333333333333336,0.6829166666666667,10.875,1.1791666666666667,72.79166666666667,50.708333333333336
2025-08-04,32.145833333333336,26.458333333333332,287.25,17.795833333333334,9.108333333333333,45.75,0.7075,9.458333333333334,0.5541666666666667,77.95833333333333,59.333333333333336
2025-08-05,31.6375,25.775000000000002,323.7083333333333,18.083333333333332,11.179166666666667,58.0,0.7908333333333334,10.25,1.4666666666666666,79.70833333333333,60.708333333333336
2025-08-06,54.637499999999996,46.541666666666664,395.6666666666667,19.6875,18.3125,77.20833333333333,0.8695833333333334,15.541666666666666,1.3979166666666665,99.29166666666667,67.875
2025-08-07,33.02916666666667,30.258333333333336,381.2916666666667,18.866666666666667,14.091666666666667,57.458333333333336,0.8416666666666667,4.791666666666667,0.6749999999999999,118.83333333333333,74.41666666666667
2025-08-08,24.90416666666667,22.52916666666667,312.9166666666667,15.929166666666667,11.708333333333334,62.75,0.5383333333333333,4.083333333333333,1.0020833333333334,71.29166666666667,46.791666666666664
2025-08-09,17.495833333333334,16.441666666666666,269.75,13.804166666666667,9.345833333333333,43.375,0.49625,1.3333333333333333,1.4041666666666668,71.33333333333333,48.916666666666664
2025-08-10,16.95,15.424999999999999,246.04166666666666,13.766666666666666,9.6875,42.625,0.41041666666666665,0.4583333333333333,2.2270833333333333,57.75,32.291666666666664
2025-08-11,16.716666666666665,15.620833333333332,258.1666666666667,16.3625,10.875,38.833333333333336,0.36375,0.0,2.025,57.958333333333336,31.75
2025-08-12,23.266666666666666,21.9875,280.875,18.441666666666666,13.354166666666666,45.666666666666664,0.5629166666666666,0.2916666666666667,1.7562499999999999,64.75,41.916666666666664
2025-08-13,17.145833333333332,16.316666666666666,344.2916666666667,18.758333333333333,11.975,34.583333333333336,0.23958333333333334,0.0,1.5020833333333334,63.291666666666664,37.208333333333336
2025-08-14,16.441666666666666,15.633333333333333,296.0833333333333,19.870833333333334,11.820833333333333,39.875,0.2354166666666667,0.0,1.1979166666666667,60.625,33.916666666666664
2025-08-15,17.354166666666668,16.4375,293.875,18.7,13.012500000000001,50.833333333333336,0.21333333333333335,0.0,2.408333333333333,55.5,33.333333333333336
2025-08-16,25.104166666666668,23.991666666666664,359.0416666666667,21.52916666666667,17.037499999999998,59.041666666666664,0.33125,0.0,2.122916666666667,69.5,48.041666666666664
2025-08-17,21.995833333333334,21.179166666666667,373.9166666666667,19.337500000000002,13.745833333333332,58.291666666666664,0.34625,0.0,1.945833333333333,72.75,51.666666666666664
2025-08-18,11.695833333333333,11.108333333333334,250.41666666666666,12.070833333333333,8.924999999999999,51.666666666666664,0.23708333333333334,0.25,2.2020833333333334,61.416666666666664,35.583333333333336
2025-08-19,9.695833333333333,8.345833333333333,202.04166666666666,9.916666666666666,7.4875,49.958333333333336,0.19791666666666666,0.7083333333333334,1.8541666666666667,37.583333333333336,22.333333333333332
2025-08-20,9.704166666666667,8.629166666666666,214.33333333333334,11.0375,7.8125,47.666666666666664,0.2070833333333333,0.3333333333333333,1.375,34.208333333333336,20.25
2025-08-21,9.279166666666667,8.870833333333334,225.91666666666666,12.6625,8.179166666666667,48.958333333333336,0.2383333333333333,0.08333333333333333,0.8958333333333334,35.416666666666664,20.541666666666668
2025-08-22,8.958333333333334,8.791666666666666,255.0,11.75,8.295833333333333,53.416666666666664,0.25583333333333336,0.0,0.9833333333333334,39.916666666666664,22.166666666666668
2025-08-23,10.729166666666666,10.158333333333333,245.45833333333334,10.55,8.779166666666667,61.291666666666664,0.3025,0.16666666666666666,1.4729166666666667,36.0,24.416666666666668
2025-08-24,15.266666666666666,13.904166666666667,274.5833333333333,11.608333333333334,8.120833333333334,56.5,0.32625,1.7083333333333333,0.9,50.083333333333336,25.833333333333332
2025-08-25,18.662499999999998,17.4375,330.25,17.208333333333332,11.570833333333333,57.416666666666664,0.31875000000000003,1.3333333333333333,1.7708333333333333,56.583333333333336,34.708333333333336
2025-08-26,23.704166666666666,21.75,301.7916666666667,19.304166666666667,12.620833333333332,56.708333333333336,0.36125,1.9583333333333333,2.0708333333333333,67.70833333333333,44.458333333333336
2025-08-27,12.933333333333332,11.6,248.41666666666666,13.25,9.241666666666667,51.208333333333336,0.20166666666666666,0.375,2.0749999999999997,60.875,35.708333333333336
2025-08-28,14.5625,13.075000000000001,224.95833333333334,12.745833333333332,8.629166666666666,50.083333333333336,0.29125,0.4583333333333333,1.3499999999999999,50.25,26.333333333333332
2025-08-29,14.987499999999999,13.875,229.41666666666666,16.662499999999998,9.858333333333333,42.291666666666664,0.31083333333333335,0.125,0.9479166666666666,49.625,24.75
2025-08-30,20.45416666666667,19.329166666666666,278.0416666666667,20.895833333333332,13.220833333333333,41.0,0.3333333333333333,0.3333333333333333,1.7645833333333334,60.208333333333336,34.041666666666664
2025-08-31,27.875,26.933333333333334,462.75,30.645833333333332,19.158333333333335,46.791666666666664,0.3345833333333333,0.25,1.2333333333333334,71.04166666666667,47.541666666666664
2025-09-01,36.387499999999996,36.237500000000004,406.5,32.391666666666666,19.025000000000002,86.08333333333333,0.3558333333333334,0.0,2.0770833333333334,105.08333333333333,67.95833333333333
2025-09-02,12.625,11.779166666666667,230.70833333333334,12.708333333333334,8.737499999999999,58.333333333333336,0.22458333333333333,0.875,2.2291666666666665,73.08333333333333,47.25
2025-09-03,13.9125,13.041666666666666,241.08333333333334,13.541666666666666,9.966666666666667,59.958333333333336,0.19041666666666668,0.7916666666666666,2.2041666666666666,51.958333333333336,31.125
2025-09-04,13.045833333333334,11.85,230.45833333333334,15.125,9.770833333333334,51.958333333333336,0.19833333333333333,0.25,1.6916666666666667,45.041666666666664,26.291666666666668
2025-09-05,18.925,17.375,236.70833333333334,21.133333333333333,11.15,47.708333333333336,0.26166666666666666,1.375,1.6833333333333333,54.666666666666664,30.416666666666668
2025-09-06,39.31666666666667,34.574999999999996,283.0833333333333,31.162499999999998,14.737499999999999,52.5,0.4166666666666667,7.333333333333333,2.0083333333333333,74.58333333333333,51.166666666666664
2025-09-07,37.40833333333333,32.8375,333.0833333333333,27.662499999999998,17.404166666666665,56.666666666666664,0.5325,7.333333333333333,1.9333333333333333,105.79166666666667,70.29166666666667
2025-09-08,31.03333333333333,27.854166666666668,373.7916666666667,23.883333333333336,15.758333333333333,56.958333333333336,0.4245833333333333,5.333333333333333,1.7020833333333334,84.83333333333333,62.75
2025-09-09,30.520833333333332,26.916666666666668,339.5833333333333,22.65833333333333,16.708333333333332,58.166666666666664,0.5204166666666666,5.708333333333333,1.5604166666666668,80.83333333333333,61.541666666666664
2025-09-10,28.916666666666668,25.991666666666664,284.7916666666667,20.145833333333332,13.641666666666666,47.125,0.6520833333333333,4.041666666666667,1.2104166666666667,85.20833333333333,62.833333333333336
2025-09-11,23.84583333333333,22.304166666666664,289.4166666666667,20.0,13.433333333333332,50.083333333333336,0.5804166666666667,1.4166666666666667,1.3916666666666666,75.58333333333333,55.583333333333336
2025-09-12,22.0625,21.075,278.2083333333333,21.229166666666668,12.491666666666667,40.125,0.5275,0.8333333333333334,1.1624999999999999,71.08333333333333,47.5
2025-09-13,21.745833333333334,20.358333333333334,276.9583333333333,22.15416666666667,12.700000000000001,36.291666666666664,0.36874999999999997,0.5,1.4458333333333335,69.45833333333333,44.625
2025-09-14,20.704166666666666,19.775000000000002,316.6666666666667,20.7375,12.85,42.75,0.3204166666666667,0.0,1.2416666666666667,66.29166666666667,40.0
2025-09-15,15.4625,15.125,278.9583333333333,19.354166666666668,10.841666666666667,41.0,0.22083333333333333,0.0,1.0458333333333334,60.708333333333336,34.458333333333336
2025-09-16,14.991666666666667,14.504166666666668,319.1666666666667,15.4125,9.016666666666667,49.5,0.3183333333333333,0.041666666666666664,0.9979166666666667,56.208333333333336,30.458333333333332
2025-09-17,26.558333333333334,24.829166666666666,350.2083333333333,19.962500000000002,10.666666666666666,44.916666666666664,0.46875,1.5,1.2458333333333333,65.20833333333333,40.041666666666664
2025-09-18,33.52916666666667,31.6375,385.7916666666667,25.954166666666666,13.4375,42.916666666666664,0.5516666666666666,1.75,1.0083333333333333,85.08333333333333,62.75
2025-09-19,44.354166666666664,43.050000000000004,473.6666666666667,34.958333333333336,18.287499999999998,61.958333333333336,0.7783333333333333,1.25,1.1520833333333333,106.875,70.5
2025-09-20,55.99166666666667,55.48333333333333,550.7916666666666,34.4375,19.291666666666668,90.58333333333333,1.0570833333333334,0.625,1.0666666666666667,131.75,77.70833333333333
2025-09-21,58.15,57.90833333333333,548.375,27.620833333333334,25.241666666666664,103.33333333333333,1.0275,0.0,1.25,155.66666666666666,86.70833333333333
2025-09-22,20.662499999999998,20.520833333333332,382.2916666666667,21.84583333333333,15.858333333333334,57.458333333333336,0.4704166666666667,0.0,0.7916666666666666,113.41666666666667,71.45833333333333
2025-09-23,14.291666666666666,13.733333333333334,310.8333333333333,19.729166666666668,11.141666666666666,46.125,0.2225,0.0,1.8875000000000002,57.833333333333336,35.0
2025-09-24,19.733333333333334,19.337500000000002,517.625,23.175,14.233333333333334,56.125,0.24625,0.0,1.7999999999999998,59.166666666666664,35.916666666666664
2025-09-25,18.650000000000002,18.55,521.4166666666666,21.566666666666666,14.645833333333334,77.33333333333333,0.32625,0.0,1.8,74.54166666666667,45.541666666666664
2025-09-26,16.179166666666667,15.7875,344.2083333333333,17.020833333333332,10.691666666666668,59.625,0.3466666666666667,0.16666666666666666,1.2833333333333334,66.0,39.875
2025-09-27,15.7875,14.766666666666666,336.625,17.033333333333335,10.045833333333333,59.958333333333336,0.31625,0.5833333333333334,1.6520833333333333,50.166666666666664,31.041666666666668
2025-09-28,38.329166666666666,36.262499999999996,512.4583333333334,39.925000000000004,19.1125,51.541666666666664,0.37125,1.0,1.8395833333333333,72.66666666666667,50.0
2025-09-29,53.62083333333334,52.81666666666666,519.9583333333334,49.62916666666666,23.75,76.29166666666667,0.49875,0.75,1.6041666666666667,123.54166666666667,75.33333333333333
2025-09-30,51.737500000000004,51.512499999999996,643.25,40.0625,19.279166666666665,93.08333333333333,0.5708333333333333,0.0,1.6104166666666666,152.79166666666666,87.125
2025-10-01,21.958333333333332,21.65833333333333,375.5416666666667,18.162499999999998,12.183333333333332,58.5,0.5358333333333333,0.0,1.1583333333333334,103.95833333333333,69.08333333333333
2025-10-02,10.779166666666667,10.104166666666666,270.7916666666667,14.070833333333333,8.945833333333333,44.958333333333336,0.20166666666666666,0.2916666666666667,0.8479166666666668,52.75,29.333333333333332
2025-10-03,15.4375,13.945833333333333,315.125,17.108333333333334,9.679166666666665,40.5,0.24250000000000002,0.7083333333333334,1.28125,45.916666666666664,24.166666666666668
2025-10-04,17.983333333333334,15.954166666666666,291.0833333333333,16.045833333333334,9.6875,38.666666666666664,0.30041666666666667,0.9166666666666666,1.5229166666666665,57.666666666666664,31.375
2025-10-05,19.745833333333334,17.920833333333334,280.1666666666667,15.641666666666666,9.416666666666666,44.0,0.45541666666666664,0.7083333333333334,1.4229166666666666,59.333333333333336,33.166666666666664
2025-10-06,19.675,19.25,406.625,21.0625,11.604166666666666,55.083333333333336,0.49041666666666667,0.0,1.2645833333333332,61.875,37.666666666666664
2025-10-07,26.75,26.120833333333334,463.0416666666667,24.670833333333334,15.875,58.166666666666664,0.535,0.0,1.5999999999999999,73.29166666666667,52.208333333333336
2025-10-08,30.083333333333332,29.712500000000002,506.3333333333333,26.054166666666664,17.354166666666668,52.166666666666664,0.6925,0.0,0.8541666666666666,87.20833333333333,63.625
2025-10-09,28.633333333333336,28.516666666666666,572.3333333333334,29.695833333333336,19.929166666666667,63.958333333333336,0.5245833333333333,0.0,1.1208333333333333,79.75,59.541666666666664
2025-10-10,32.90833333333333,32.729166666666664,541.4583333333334,26.116666666666664,19.7375,73.29166666666667,0.5395833333333333,0.0,1.3479166666666667,97.16666666666667,67.29166666666667
2025-10-11,29.825,29.650000000000002,431.5833333333333,33.979166666666664,19.033333333333335,45.041666666666664,0.36791666666666667,0.0,0.9562499999999999,82.79166666666667,61.375
2025-10-12,57.68333333333334,55.775,770.4166666666666,41.93333333333333,21.095833333333335,70.83333333333333,0.5758333333333333,3.4166666666666665,1.3625,113.54166666666667,72.08333333333333
2025-10-13,75.62916666666666,72.61666666666666,905.125,45.550000000000004,17.704166666666666,82.83333333333333,0.5395833333333333,5.958333333333333,1.3958333333333333,160.29166666666666,100.04166666666667
2025-10-14,49.725,48.39166666666667,860.1666666666666,24.96666666666667,13.229166666666666,87.0,0.45125,2.375,1.3708333333333333,144.66666666666666,84.75
2025-10-15,58.3125,57.525,875.75,29.679166666666664,14.066666666666668,91.91666666666667,0.51,1.2916666666666667,1.2833333333333334,140.125,80.75
2025-10-16,63.35833333333334,62.48333333333333,952.0,34.12083333333333,17.875,97.125,0.55,1.625,1.3229166666666667,158.16666666666666,88.625
2025-10-17,78.25833333333334,77.55416666666666,881.6666666666666,44.50833333333333,23.170833333333334,96.45833333333333,0.7108333333333333,1.25,1.2229166666666667,161.25,94.29166666666667
2025-10-18,68.53333333333333,68.2375,750.0,41.395833333333336,22.220833333333335,104.33333333333333,0.5166666666666667,0.4583333333333333,1.3645833333333333,164.04166666666666,99.58333333333333
2025-10-19,74.65416666666667,74.4375,849.3333333333334,63.92916666666667,18.325,78.0,0.3416666666666666,0.0,1.4666666666666668,158.75,97.66666666666667
2025-10-20,58.979166666666664,58.737500000000004,855.6666666666666,56.666666666666664,18.295833333333334,83.79166666666667,0.2525,0.0,1.5374999999999999,159.45833333333334,95.75
2025-10-21,53.23333333333333,53.04583333333333,657.375,47.800000000000004,17.2625,89.16666666666667,0.3020833333333333,0.041666666666666664,1.4708333333333334,138.29166666666666,79.0
2025-10-22,67.42083333333333,66.82083333333334,787.5833333333334,53.7875,21.958333333333332,94.08333333333333,0.4791666666666667,0.7083333333333334,1.3583333333333334,156.66666666666666,89.33333333333333
2025-10-23,65.2,64.7375,580.5416666666666,44.800000000000004,23.5625,105.04166666666667,0.4320833333333334,0.0,1.4791666666666667,160.0,91.16666666666667
2025-10-24,54.98333333333333,54.87083333333334,610.8333333333334,33.90833333333333,22.329166666666666,103.33333333333333,0.48833333333333334,0.0,1.3062500000000001,154.45833333333334,91.08333333333333
2025-10-25,86.3,85.95416666666667,623.1666666666666,63.93333333333334,22.45,89.75,0.5912499999999999,0.5416666666666666,1.2791666666666666,158.08333333333334,91.04166666666667
2025-10-26,94.14583333333333,93.77083333333333,782.3333333333334,76.95,25.804166666666664,87.0,0.5170833333333333,0.9583333333333334,1.3499999999999999,171.83333333333334,117.45833333333333
2025-10-27,81.25416666666666,80.54166666666667,730.625,70.45833333333333,23.416666666666668,91.04166666666667,0.4895833333333333,1.1666666666666667,1.3229166666666667,165.95833333333334,106.91666666666667
2025-10-28,74.7875,74.55833333333332,653.0416666666666,57.29583333333333,22.983333333333334,87.16666666666667,0.4716666666666667,0.3333333333333333,1.3812499999999999,167.375,109.54166666666667
2025-10-29,39.92916666666667,39.7875,523.5833333333334,31.224999999999998,18.145833333333332,63.916666666666664,0.3529166666666667,0.0,1.34375,138.95833333333334,82.79166666666667
2025-10-30,36.19166666666667,35.32083333333333,526.4583333333334,33.07083333333333,20.995833333333334,49.041666666666664,0.33416666666666667,0.0,0.9812500000000001,106.625,70.625
2025-10-31,33.0625,31.929166666666664,463.125,31.495833333333334,17.7375,35.375,0.25375,0.08333333333333333,1.375,93.70833333333333,66.125
2025-11-01,28.8,26.954166666666666,322.8333333333333,18.070833333333333,12.904166666666667,49.916666666666664,0.42041666666666666,0.6666666666666666,1.2562499999999999,83.04166666666667,62.0
2025-11-02,39.35,39.262499999999996,446.4166666666667,20.675,16.266666666666666,69.54166666666667,0.6729166666666666,0.0,1.0062499999999999,101.33333333333333,68.625
2025-11-03,38.93333333333333,37.32083333333333,499.5416666666667,18.933333333333334,12.5625,78.58333333333333,0.3983333333333334,2.6666666666666665,0.9729166666666668,98.45833333333333,67.625
2025-11-04,43.737500000000004,41.329166666666666,555.2916666666666,21.079166666666666,14.520833333333334,93.79166666666667,0.3770833333333334,4.25,1.26875,122.75,75.625
2025-11-05,36.81666666666667,36.50416666666667,645.25,24.0625,15.970833333333333,80.54166666666667,0.5658333333333333,0.0,0.7729166666666667,94.0,66.04166666666667
2025-11-06,51.737500000000004,51.375,892.5,35.24166666666667,24.833333333333332,85.54166666666667,0.595,0.6666666666666666,0.9958333333333332,123.54166666666667,75.875
2025-11-07,52.98333333333333,52.5625,738.625,28.933333333333334,18.3625,88.58333333333333,0.44625000000000004,0.8333333333333334,1.1979166666666667,150.54166666666666,86.66666666666667
2025-11-08,47.041666666666664,45.63333333333333,566.5416666666666,17.358333333333334,13.233333333333334,98.16666666666667,0.35708333333333336,2.6666666666666665,1.375,124.125,76.0
2025-11-09,73.27916666666667,68.25833333333334,608.0,19.958333333333332,14.875,95.54166666666667,0.5116666666666666,9.375,1.2041666666666666,141.45833333333334,83.625
2025-11-10,69.35833333333333,66.8125,641.0833333333334,22.708333333333332,14.120833333333332,86.54166666666667,0.5058333333333334,4.541666666666667,1.1375,158.79166666666666,97.91666666666667
2025-11-11,76.9875,72.60000000000001,629.3333333333334,21.025000000000002,16.016666666666666,96.08333333333333,0.5725,7.833333333333333,1.1479166666666667,156.5,94.33333333333333
2025-11-12,83.27916666666667,77.12916666666666,698.4166666666666,25.287499999999998,18.254166666666666,101.45833333333333,0.5179166666666667,10.916666666666666,1.1833333333333333,159.625,99.125
2025-11-13,90.57916666666667,84.56666666666666,726.4583333333334,31.65416666666667,18.858333333333334,102.25,0.61125,10.833333333333334,1.1229166666666666,162.95833333333334,104.08333333333333
2025-11-14,89.8875,84.45833333333333,808.7916666666666,42.020833333333336,18.033333333333335,86.95833333333333,0.5437500000000001,9.75,1.1458333333333333,165.0,107.29166666666667
2025-11-15,83.1125,80.36666666666666,807.3333333333334,52.49583333333334,18.333333333333332,76.54166666666667,0.4075,4.833333333333333,1.2020833333333334,166.16666666666666,108.875
2025-11-16,68.2375,66.85833333333333,675.4166666666666,49.708333333333336,21.349999999999998,83.83333333333333,0.2758333333333333,1.8333333333333333,1.2791666666666666,159.66666666666666,99.125
2025-11-17,44.4375,43.4625,831.3333333333334,43.479166666666664,15.833333333333334,75.25,0.15791666666666668,0.08333333333333333,1.375,134.75,80.83333333333333
2025-11-18,51.13333333333333,50.0625,668.1666666666666,53.604166666666664,16.416666666666668,63.333333333333336,0.18333333333333335,0.0,1.3333333333333333,131.33333333333334,78.33333333333333
2025-11-19,49.833333333333336,48.75833333333333,794.125,53.875,18.816666666666666,68.08333333333333,0.1775,0.0,1.3104166666666666,134.875,79.5
2025-11-20,45.34583333333333,44.90833333333333,829.75,36.53333333333333,18.366666666666667,91.25,0.2658333333333333,0.041666666666666664,1.20625,131.16666666666666,78.08333333333333
2025-11-21,70.95,70.14583333333333,816.625,35.829166666666666,18.7,93.29166666666667,0.47833333333333333,1.4166666666666667,0.9895833333333334,146.79166666666666,88.20833333333333
2025-11-22,67.14166666666667,66.24166666666666,775.0416666666666,41.104166666666664,14.320833333333333,77.66666666666667,0.3575,1.5416666666666667,1.1229166666666666,154.70833333333334,91.58333333333333
2025-11-23,85.79583333333333,83.85000000000001,863.9166666666666,50.98333333333333,19.974999999999998,69.375,0.5266666666666667,3.3333333333333335,1.0374999999999999,160.66666666666666,100.58333333333333
2025-11-24,104.05416666666667,99.94166666666666,698.4166666666666,34.30416666666667,16.3875,81.20833333333333,0.6441666666666667,7.583333333333333,0.9895833333333334,172.125,118.08333333333333
2025-11-25,61.44166666666666,59.87083333333334,669.25,28.3625,14.762500000000001,78.875,0.34791666666666665,2.8333333333333335,1.1041666666666667,159.375,98.66666666666667
2025-11-26,80.2625,78.33333333333333,750.0833333333334,34.770833333333336,17.745833333333334,89.25,0.44625000000000004,3.5416666666666665,1.0270833333333333,158.41666666666666,97.33333333333333
2025-11-27,51.97083333333333,51.05416666666667,813.7083333333334,45.449999999999996,16.129166666666666,75.04166666666667,0.18958333333333333,0.3333333333333333,1.1708333333333334,151.29166666666666,90.16666666666667
2025-11-28,60.44166666666666,59.025,826.1666666666666,52.64166666666667,24.108333333333334,67.625,0.28791666666666665,0.6666666666666666,1.1520833333333333,148.20833333333334,85.04166666666667
2025-11-29,63.92916666666667,62.87916666666666,746.625,47.69166666666666,24.72083333333333,88.41666666666667,0.42583333333333334,0.9583333333333334,1.0875000000000001,145.08333333333334,83.54166666666667
2025-11-30,75.8125,75.42916666666666,879.9583333333334,41.979166666666664,20.270833333333332,87.75,0.48583333333333334,0.3333333333333333,1.075,159.0,98.0
2025-12-01,89.40833333333335,89.29166666666667,761.5,27.929166666666664,20.475,91.625,0.7204166666666666,0.25,0.8791666666666668,166.41666666666666,109.45833333333333
2025-12-02,90.98333333333333,90.34583333333335,803.8333333333334,31.8125,22.433333333333334,88.625,0.5995833333333334,1.1666666666666667,0.9479166666666666,163.875,105.45833333333333
2025-12-03,100.7625,99.89583333333333,708.0833333333334,28.804166666666664,22.025000000000002,95.08333333333333,0.5870833333333333,1.5,0.90625,175.33333333333334,122.875
2025-12-04,84.075,83.50416666666666,798.0,26.40833333333333,18.283333333333335,87.70833333333333,0.5766666666666667,1.125,0.9229166666666666,168.54166666666666,112.54166666666667
2025-12-05,62.35,61.737500000000004,779.7083333333334,24.0,16.391666666666666,86.125,0.35125,1.0,1.0604166666666666,158.20833333333334,96.95833333333333
2025-12-06,82.6875,81.49583333333334,734.0416666666666,21.979166666666668,17.845833333333335,92.33333333333333,0.51375,2.0833333333333335,0.9791666666666666,158.66666666666666,97.58333333333333
2025-12-07,79.37916666666666,78.10000000000001,771.375,23.770833333333332,16.7625,89.45833333333333,0.5204166666666666,2.0,1.0041666666666667,163.125,103.875
2025-12-08,78.24583333333334,77.08749999999999,822.0,33.47083333333333,19.1375,78.25,0.52375,1.9166666666666667,0.9791666666666666,161.54166666666666,101.83333333333333
2025-12-09,73.47083333333333,72.32083333333334,845.625,41.574999999999996,19.854166666666668,68.45833333333333,0.48833333333333334,2.2083333333333335,0.9770833333333333,159.29166666666666,98.375
2025-12-10,64.60833333333333,63.387499999999996,716.7916666666666,37.170833333333334,19.337500000000002,74.04166666666667,0.3804166666666667,2.0416666666666665,1.0645833333333334,156.70833333333334,94.5
2025-12-11,69.10416666666667,67.45416666666667,740.5416666666666,36.699999999999996,19.837500000000002,78.45833333333333,0.35541666666666666,3.125,1.1083333333333332,155.41666666666666,93.0
2025-12-12,73.14999999999999,71.03333333333333,861.2916666666666,45.300000000000004,23.65833333333333,84.16666666666667,0.34375,3.7916666666666665,1.0979166666666667,157.58333333333334,96.125
2025-12-13,51.175000000000004,50.00416666666666,877.4583333333334,41.983333333333334,18.195833333333333,74.625,0.22375,1.5,1.1833333333333333,150.70833333333334,88.29166666666667
2025-12-14,43.27916666666667,41.99166666666667,692.25,35.987500000000004,18.287499999999998,74.33333333333333,0.21666666666666667,1.625,1.1854166666666666,123.75,75.83333333333333
2025-12-15,51.395833333333336,49.55416666666667,644.75,31.645833333333332,21.058333333333334,86.29166666666667,0.34833333333333333,3.3333333333333335,1.04375,120.66666666666667,74.95833333333333
2025-12-16,64.59166666666667,61.25,651.9166666666666,28.900000000000002,18.729166666666668,82.58333333333333,0.5983333333333333,6.25,0.8125,147.75,85.20833333333333
2025-12-17,59.354166666666664,56.487500000000004,667.8333333333334,30.691666666666666,17.095833333333335,80.875,0.5187499999999999,5.375,0.9416666666666668,152.375,88.125
2025-12-18,55.416666666666664,54.050000000000004,762.9166666666666,45.925000000000004,20.537499999999998,66.0,0.21333333333333335,2.2916666666666665,1.06875,146.16666666666666,83.33333333333333
2025-12-19,62.925000000000004,61.01666666666667,709.875,51.23333333333333,22.59583333333333,57.0,0.4033333333333333,2.3333333333333335,0.9520833333333334,151.95833333333334,87.70833333333333
2025-12-20,61.74583333333334,59.81666666666666,612.375,40.525,22.849999999999998,54.333333333333336,0.76625,3.0416666666666665,0.5083333333333333,150.91666666666666,86.125
2025-12-21,67.11666666666666,65.42916666666666,574.375,28.65833333333333,19.591666666666665,62.625,0.6766666666666666,3.1666666666666665,0.7145833333333332,153.20833333333334,89.20833333333333
2025-12-22,67.69583333333334,65.325,598.9166666666666,30.870833333333334,17.095833333333335,70.58333333333333,0.5575,4.208333333333333,0.8687499999999999,157.33333333333334,95.58333333333333
2025-12-23,63.7125,61.18333333333334,668.4166666666666,24.2,14.4625,74.33333333333333,0.595,4.458333333333333,0.7770833333333332,153.54166666666666,89.79166666666667
2025-12-24,91.67083333333333,88.4375,764.9583333333334,24.78333333333333,19.650000000000002,82.125,0.6395833333333333,5.791666666666667,0.86875,159.25,98.5
2025-12-25,95.175,92.17083333333333,720.4583333333334,27.75,19.175,82.41666666666667,0.6158333333333333,5.291666666666667,0.94375,167.5,110.95833333333333
2025-12-26,114.04166666666667,110.20833333333333,782.7916666666666,37.57083333333333,20.900000000000002,77.66666666666667,0.7374999999999999,6.666666666666667,0.8958333333333334,173.375,119.875
2025-12-27,122.35833333333333,118.20833333333333,882.125,41.30416666666667,23.645833333333332,80.08333333333333,0.6958333333333333,6.75,0.86875,184.66666666666666,137.25
2025-12-28,93.12916666666666,91.11666666666667,775.7083333333334,31.958333333333332,17.683333333333334,72.75,0.64,3.5,0.8333333333333334,174.95833333333334,122.29166666666667
2025-12-29,82.88333333333334,81.82083333333334,816.9166666666666,31.349999999999998,15.629166666666668,67.41666666666667,0.5695833333333333,1.8333333333333333,0.8250000000000001,165.70833333333334,108.25
2025-12-30,76.89999999999999,76.375,811.0833333333334,28.0625,16.9375,73.45833333333333,0.5129166666666667,1.0,0.8979166666666667,160.95833333333334,101.125
2025-12-31,90.69166666666666,90.09166666666665,911.5,34.795833333333334,17.337500000000002,67.20833333333333,0.5308333333333334,1.0833333333333333,0.9125,165.5,107.875
2026-01-01,91.82083333333333,90.86666666666667,893.5416666666666,41.74166666666667,16.741666666666667,62.958333333333336,0.5008333333333334,1.875,0.9666666666666667,166.66666666666666,109.79166666666667
2026-01-02,99.1875,97.48333333333333,851.0833333333334,39.708333333333336,17.966666666666665,70.58333333333333,0.6620833333333334,2.9583333333333335,0.8666666666666667,171.79166666666666,117.58333333333333
2026-01-03,166.5375,163.90416666666667,1028.875,50.175000000000004,27.275000000000002,78.41666666666667,1.0783333333333334,4.458333333333333,0.6604166666666667,187.04166666666666,140.04166666666666
2026-01-04,161.92916666666667,159.39583333333334,920.875,50.75,23.608333333333334,65.45833333333333,0.90875,4.333333333333333,0.7979166666666666,226.83333333333334,182.0
2026-01-05,100.90416666666665,98.79583333333333,621.6666666666666,26.3875,15.4375,76.0,0.6608333333333333,3.5416666666666665,0.9416666666666665,184.16666666666666,135.75
2026-01-06,90.675,89.27916666666665,752.4166666666666,23.599999999999998,14.954166666666666,79.20833333333333,0.5725,2.25,1.0208333333333333,169.04166666666666,113.41666666666667
2026-01-07,108.25833333333333,106.86666666666667,806.375,28.5125,16.566666666666666,76.54166666666667,0.6629166666666667,2.2083333333333335,0.9583333333333334,173.95833333333334,120.75
2026-01-08,89.8,88.48333333333333,799.3333333333334,27.6375,15.570833333333333,77.95833333333333,0.4583333333333333,2.1666666666666665,1.0833333333333333,173.33333333333334,119.91666666666667
2026-01-09,72.10000000000001,70.91666666666667,824.25,26.224999999999998,16.295833333333334,73.5,0.44249999999999995,2.0,1.0645833333333334,161.91666666666666,102.33333333333333
2026-01-10,65.3125,64.61666666666666,834.25,22.1125,14.645833333333334,79.875,0.57875,1.1666666666666667,1.03125,156.41666666666666,94.04166666666667
2026-01-11,65.2,64.15416666666667,793.125,20.366666666666667,13.6875,83.45833333333333,0.5929166666666666,1.2916666666666667,0.9479166666666666,153.66666666666666,89.91666666666667
2026-01-12,79.05,78.09583333333333,816.7916666666666,23.400000000000002,16.166666666666668,84.75,0.5641666666666666,1.3333333333333333,0.9395833333333333,158.875,97.79166666666667
2026-01-13,81.32083333333334,80.44166666666666,826.5833333333334,28.175,15.720833333333333,77.125,0.5404166666666667,1.25,1.0041666666666667,161.79166666666666,102.125
2026-01-14,87.02499999999999,86.11666666666667,777.4166666666666,29.2625,17.470833333333335,83.79166666666667,0.7295833333333334,1.3333333333333333,0.9041666666666667,166.0,108.625
2026-01-15,74.40416666666667,73.375,864.0,21.01666666666667,15.799999999999999,90.625,0.8554166666666667,1.6666666666666667,0.8375,161.66666666666666,102.16666666666667
2026-01-16,88.62916666666666,86.57916666666667,818.7916666666666,27.358333333333334,16.570833333333333,88.16666666666667,0.8649999999999999,3.375,0.8916666666666667,162.58333333333334,103.45833333333333
2026-01-17,83.44166666666666,81.22083333333333,790.25,29.208333333333332,15.737499999999999,81.125,0.7200000000000001,4.041666666666667,0.9937499999999999,166.125,108.66666666666667
2026-01-18,93.25833333333333,90.3,910.9583333333334,34.12916666666667,18.704166666666666,83.83333333333333,0.6866666666666666,5.208333333333333,0.9645833333333335,164.54166666666666,106.54166666666667
2026-01-19,99.52499999999999,96.19583333333333,928.7083333333334,40.1875,18.954166666666666,82.04166666666667,0.5633333333333334,5.625,1.0708333333333333,169.75,114.45833333333333
2026-01-20,132.48749999999998,129.10833333333332,1029.2083333333333,38.80833333333333,24.554166666666664,101.83333333333333,0.6729166666666666,5.875,1.04375,180.33333333333334,130.66666666666666
2026-01-21,118.8625,116.125,1005.7083333333334,34.1875,18.712500000000002,92.91666666666667,0.82125,4.75,0.9770833333333333,186.33333333333334,139.75
2026-01-22,108.64166666666667,105.93333333333334,747.25,27.754166666666666,19.587500000000002,92.0,0.7216666666666667,4.708333333333333,1.0208333333333333,179.70833333333334,129.41666666666666
2026-01-23,127.85416666666667,124.16250000000001,787.5,41.137499999999996,20.858333333333334,87.16666666666667,0.6570833333333334,6.166666666666667,1.0395833333333333,178.75,128.125
2026-01-24,125.02083333333333,120.47500000000001,773.5416666666666,47.31666666666666,20.054166666666667,85.70833333333333,0.6224999999999999,7.5,1.0583333333333333,186.875,140.375
2026-01-25,113.89166666666667,108.85833333333333,857.375,50.412499999999994,17.425,67.83333333333333,0.6033333333333334,8.666666666666666,1.0375,181.45833333333334,132.25
2026-01-26,108.86666666666667,105.79583333333333,835.7083333333334,36.895833333333336,18.295833333333334,82.41666666666667,0.7204166666666666,5.166666666666667,1.01875,177.5,126.16666666666667
2026-01-27,97.35833333333333,93.58333333333333,729.5416666666666,31.108333333333334,16.983333333333334,82.91666666666667,0.5904166666666667,6.625,1.1354166666666667,172.79166666666666,119.16666666666667
2026-01-28,117.575,112.57916666666667,837.7916666666666,42.7125,19.991666666666667,80.375,0.6275000000000001,8.541666666666666,1.0520833333333333,173.625,120.29166666666667
2026-01-29,106.34583333333335,102.95416666666667,955.0833333333334,42.75,20.087500000000002,89.0,0.7616666666666667,5.791666666666667,0.9500000000000001,179.91666666666666,129.83333333333334
2026-01-30,86.575,84.45416666666667,615.625,29.270833333333332,17.779166666666665,86.33333333333333,0.5529166666666666,3.875,1.1395833333333334,168.625,112.83333333333333
2026-01-31,69.73333333333333,68.0625,630.125,26.129166666666666,14.945833333333333,83.95833333333333,0.3758333333333333,2.875,1.3166666666666667,162.08333333333334,102.79166666666667
2026-02-01,86.21249999999999,84.5125,703.0416666666666,29.3,15.808333333333332,90.66666666666667,0.5241666666666667,3.0416666666666665,1.1541666666666666,157.29166666666666,95.58333333333333
2026-02-02,105.67916666666667,103.77083333333333,786.0416666666666,38.270833333333336,17.8875,85.29166666666667,0.6383333333333333,3.25,1.0145833333333334,170.45833333333334,115.54166666666667
2026-02-03,104.32083333333333,102.06666666666666,765.4166666666666,31.941666666666666,16.904166666666665,93.5,0.6520833333333333,3.625,1.0958333333333334,179.875,129.875
2026-02-04,85.27083333333333,83.21249999999999,726.75,24.90833333333333,14.108333333333334,90.29166666666667,0.5933333333333334,3.4166666666666665,1.0625,167.58333333333334,111.04166666666667
2026-02-05,60.80833333333334,57.35833333333333,619.1666666666666,25.241666666666664,15.016666666666666,78.16666666666667,0.3,6.375,1.429166666666667,157.83333333333334,96.29166666666667
2026-02-06,67.325,61.28333333333333,584.25,23.520833333333332,14.533333333333333,81.54166666666667,0.33625,10.958333333333334,1.3833333333333335,151.45833333333334,86.375
2026-02-07,91.35416666666667,87.075,658.1666666666666,23.84166666666667,17.408333333333335,102.04166666666667,0.4945833333333334,7.916666666666667,1.2229166666666667,158.5,97.25
2026-02-08,88.60000000000001,83.85000000000001,724.25,24.854166666666668,19.304166666666667,110.45833333333333,0.4695833333333333,8.708333333333334,1.2874999999999999,167.58333333333334,111.04166666666667
2026-02-09,93.72916666666667,87.50833333333333,687.9166666666666,29.958333333333332,18.554166666666667,99.04166666666667,0.5225,11.25,1.2208333333333334,166.70833333333334,109.83333333333333
2026-02-10,93.6375,89.7625,731.5,31.291666666666668,15.141666666666666,96.75,0.6604166666666667,7.083333333333333,1.1395833333333332,165.25,107.58333333333333
2026-02-11,84.37083333333334,80.31666666666666,705.875,26.6125,16.825,104.375,0.5708333333333333,7.208333333333333,1.20625,167.25,110.66666666666667
2026-02-12,76.6875,70.925,693.9583333333334,23.795833333333334,16.954166666666666,107.54166666666667,0.4033333333333333,10.041666666666666,1.2604166666666667,159.70833333333334,99.08333333333333
2026-02-13,91.5,84.91250000000001,695.4166666666666,28.625,17.295833333333334,104.875,0.5120833333333333,11.916666666666666,1.21875,162.20833333333334,103.125
2026-02-14,60.13333333333333,56.75,583.0833333333334,20.941666666666666,16.400000000000002,99.75,0.3670833333333334,6.375,1.3854166666666667,158.91666666666666,98.04166666666667
2026-02-15,72.04583333333333,67.75416666666668,639.6666666666666,33.62083333333333,18.929166666666667,103.04166666666667,0.30083333333333334,7.75,1.45,152.16666666666666,87.625
2026-02-16,76.87916666666666,72.675,669.9583333333334,32.12916666666667,16.9875,108.625,0.43291666666666667,7.541666666666667,1.3104166666666666,157.04166666666666,94.375
2026-02-17,98.45833333333333,90.53750000000001,681.75,45.212500000000006,17.3,101.16666666666667,0.42416666666666664,14.458333333333334,1.3729166666666666,163.66666666666666,104.625
2026-02-18,95.42083333333333,88.83333333333333,734.8333333333334,58.7875,20.129166666666666,89.29166666666667,0.31124999999999997,11.916666666666666,1.5020833333333334,169.33333333333334,113.79166666666667
